Workbook

Sheet Datos Iniciales
A1: CICLO | B1: TÉCNICO EN EMERGENCIAS SANITARIAS
A2: NIVEL | B2: GM
A3: MODULO | B3: DOTACIÓN SANITARIA
A4: CÓDIGO MÓDULO | B4: 0054
A7: Tabla 1 - Resultados de aprendizaje y sus pesos | E7: Tabla 2 - Unidades de trabajo (UT) y sus pesos respecto de los Resultados de Aprendizaje (RA) | S7: Listado 1 - Alumnos
A8: NumRA | B8: Resultado de Aprendizaje (Enunciado) | C8: Peso RA | E8: NumUT | F8: =A9 -> RA1 | G8: =A10 -> RA2 | H8: =A11 -> RA3 | I8: =A12 -> RA4 | J8: =A13 -> RA5 | K8: =A14 -> RA6 | L8: =A15 -> RA7 | M8: =A16 -> RA8 | N8: =A17 -> RA9 | O8: =A18 -> RA10 | S8: NumAlumno | T8: Nombre Alumno
A9: RA1 | B9: Realiza el mantenimiento básico de la dotación sanitaria del vehículo interpretando y ejecutando las recomendaciones de los fabricantes de los equipos. | C9: 0.2 | E9: UT1 | F9: 0.05 | G9: 0.07 | H9: 0 | I9: 0 | J9: 0 | K9: 0 | L9: 0 | M9: 0 | N9: 0 | O9: 0 | S9: 1 | T9: Alumno1
A10: RA2 | B10: Controla las existencias y materiales del vehículo sanitario identificando sus características y necesidades de almacenamiento. | C10: 0.6 | E10: UT2 | F10: 0.35 | G10: 0.43 | H10: 0.06 | I10: 0 | J10: 0 | K10: 0 | L10: 0 | M10: 0 | N10: 0 | O10: 0 | S10: 2 | T10: Alumno2
A11: RA3 | B11: Esteriliza el material, relacionando los procedimientos con la seguridad de su ejecución. | C11: 0.15 | E11: UT3 | F11: 0.2 | G11: 0.08 | H11: 0.34 | I11: 0 | J11: 0 | K11: 0 | L11: 0 | M11: 0 | N11: 0 | O11: 0 | S11: 3 | T11: Alumno3
A12: RA4 | B12: Complementa la documentación clínico y no clínica de su competencia, relacionándola con su utilidad y analizando la información tipo que debe constar. | C12: 0.05 | E12: UT4 | F12: 0.25 | G12: 0.14 | H12: 0.15 | I12: 0.25 | J12: 0 | K12: 0 | L12: 0 | M12: 0 | N12: 0 | O12: 0 | S12: 4 | T12: Alumno4
A13: RA5 | B13: RA5 | C13: 0 | E13: UT5 | F13: 0.15 | G13: 0.12 | H13: 0.12 | I13: 0.25 | J13: 0 | K13: 0 | L13: 0 | M13: 0 | N13: 0 | O13: 0 | S13: 5 | T13: Alumno5
A14: RA6 | B14: RA6 | C14: 0 | E14: UT6 | F14: 0 | G14: 0.16 | H14: 0.33 | I14: 0.5 | J14: 0 | K14: 0 | L14: 0 | M14: 0 | N14: 0 | O14: 0 | S14: 6 | T14: Alumno6
A15: RA7 | B15: RA7 | C15: 0 | E15: UT7 | F15: 0 | G15: 0 | H15: 0 | I15: 0 | J15: 0 | K15: 0 | L15: 0 | M15: 0 | N15: 0 | O15: 0 | S15: 7 | T15: Alumno7
A16: RA8 | B16: RA8 | C16: 0 | E16: UT8 | F16: 0 | G16: 0 | H16: 0 | I16: 0 | J16: 0 | K16: 0 | L16: 0 | M16: 0 | N16: 0 | O16: 0 | S16: 8 | T16: Alumno8
A17: RA9 | B17: RA9 | C17: 0 | E17: UT9 | F17: 0 | G17: 0 | H17: 0 | I17: 0 | J17: 0 | K17: 0 | L17: 0 | M17: 0 | N17: 0 | O17: 0 | S17: 9 | T17: Alumno9
A18: RA10 | B18: RA10 | C18: 0 | E18: UT10 | F18: 0 | G18: 0 | H18: 0 | I18: 0 | J18: 0 | K18: 0 | L18: 0 | M18: 0 | N18: 0 | O18: 0 | S18: 10 | T18: Alumno10
B19: Total | C19: =SUM(C9:C18) -> 1 | E19: UT11 | F19: 0 | G19: 0 | H19: 0 | I19: 0 | J19: 0 | K19: 0 | L19: 0 | M19: 0 | N19: 0 | O19: 0 | S19: 11 | T19: Alumno11
E20: UT12 | F20: 0 | G20: 0 | H20: 0 | I20: 0 | J20: 0 | K20: 0 | L20: 0 | M20: 0 | N20: 0 | O20: 0 | S20: 12 | T20: Alumno12
E21: UT13 | F21: 0 | G21: 0 | H21: 0 | I21: 0 | J21: 0 | K21: 0 | L21: 0 | M21: 0 | N21: 0 | O21: 0 | S21: 13 | T21: Alumno13
E22: UT14 | F22: 0 | G22: 0 | H22: 0 | I22: 0 | J22: 0 | K22: 0 | L22: 0 | M22: 0 | N22: 0 | O22: 0 | S22: 14 | T22: Alumno14
E23: UT15 | F23: 0 | G23: 0 | H23: 0 | I23: 0 | J23: 0 | K23: 0 | L23: 0 | M23: 0 | N23: 0 | O23: 0 | S23: 15 | T23: Alumno15
E24: UT16 | F24: 0 | G24: 0 | H24: 0 | I24: 0 | J24: 0 | K24: 0 | L24: 0 | M24: 0 | N24: 0 | O24: 0 | S24: 16 | T24: Alumno16
E25: UT17 | F25: 0 | G25: 0 | H25: 0 | I25: 0 | J25: 0 | K25: 0 | L25: 0 | M25: 0 | N25: 0 | O25: 0 | S25: 17 | T25: Alumno17
E26: UT18 | F26: 0 | G26: 0 | H26: 0 | I26: 0 | J26: 0 | K26: 0 | L26: 0 | M26: 0 | N26: 0 | O26: 0 | S26: 18 | T26: Alumno18
E27: UT19 | F27: 0 | G27: 0 | H27: 0 | I27: 0 | J27: 0 | K27: 0 | L27: 0 | M27: 0 | N27: 0 | O27: 0 | S27: 19 | T27: Alumno19
E28: UT20 | F28: 0 | G28: 0 | H28: 0 | I28: 0 | J28: 0 | K28: 0 | L28: 0 | M28: 0 | N28: 0 | O28: 0 | S28: 20 | T28: Alumno20
F29: =SUM(F9:F28) -> 1 | G29: =SUM(G9:G28) -> 1 | H29: =SUM(H9:H28) -> 1 | I29: =SUM(I9:I28) -> 1 | J29: =SUM(J9:J28) -> 0 | K29: =SUM(K9:K28) -> 0 | L29: =SUM(L9:L28) -> 0 | M29: =SUM(M9:M28) -> 0 | ... O29: =SUM(O9:O28) -> 0 | S29: 21 | T29: Alumno21
S30: 22 | T30: Alumno22
S31: 23 | T31: Alumno23
S32: 24 | T32: Alumno24
E33: Tabla 3 - Actividades (UT) y sus pesos respecto de los Resultados de Aprendizaje (RA) | S33: 25 | T33: Alumno25
E34: Actividad | F34: =F8 -> RA1 | G34: =G8 -> RA2 | H34: =H8 -> RA3 | I34: =I8 -> RA4 | J34: =J8 -> RA5 | K34: =K8 -> RA6 | L34: =L8 -> RA7 | M34: =M8 -> RA8 | ... O34: =O8 -> RA10 | P34: UT | Q34: EV | S34: 26 | T34: Alumno26
E35: Actividad1 | F35: 0.25 | G35: 0 | H35: 0 | I35: 0 | J35: 0 | K35: 0 | L35: 0 | M35: 0 | N35: 0 | O35: 0 | P35: UT1 | Q35: 1 | S35: 27 | T35: Alumno27
E36: Actividad2 | F36: 0.2 | G36: 0.2 | H36: 0 | I36: 0 | J36: 0 | K36: 0 | L36: 0 | M36: 0 | N36: 0 | O36: 0 | P36: UT1 | Q36: 1 | S36: 28 | T36: Alumno28
E37: Actividad3 | F37: 0.3 | G37: 0.2 | H37: 0.1 | I37: 0 | J37: 0 | K37: 0 | L37: 0 | M37: 0 | N37: 0 | O37: 0 | P37: UT2 | Q37: 1 | S37: 29 | T37: Alumno29
E38: Actividad4 | F38: 0.1 | G38: 0.3 | H38: 0.35 | I38: 0 | J38: 0 | K38: 0 | L38: 0 | M38: 0 | N38: 0 | O38: 0 | P38: UT3 | Q38: 1 | S38: 30 | T38: Alumno30
E39: Actividad5 | F39: 0.05 | G39: 0.1 | H39: 0.3 | I39: 0.1 | J39: 0 | K39: 0 | L39: 0 | M39: 0 | N39: 0 | O39: 0 | P39: UT4 | Q39: 1 | S39: 31 | T39: Alumno31
E40: Actividad6 | F40: 0.1 | G40: 0.15 | H40: 0.1 | I40: 0.4 | J40: 0 | K40: 0 | L40: 0 | M40: 0 | N40: 0 | O40: 0 | P40: UT5 | Q40: 1 | S40: 32 | T40: Alumno32
E41: Actividad7 | F41: 0 | G41: 0.05 | H41: 0.15 | I41: 0.5 | J41: 0 | K41: 0 | L41: 0 | M41: 0 | N41: 0 | O41: 0 | P41: UT6 | Q41: 1 | S41: 33 | T41: Alumno33
E42: Actividad8 | F42: 0 | G42: 0 | H42: 0 | I42: 0 | J42: 0 | K42: 0 | L42: 0 | M42: 0 | N42: 0 | O42: 0 | S42: 34 | T42: Alumno34
E43: Actividad9 | F43: 0 | G43: 0 | H43: 0 | I43: 0 | J43: 0 | K43: 0 | L43: 0 | M43: 0 | N43: 0 | O43: 0 | S43: 35 | T43: Alumno35
E44: Actividad10 | F44: 0 | G44: 0 | H44: 0 | I44: 0 | J44: 0 | K44: 0 | L44: 0 | M44: 0 | N44: 0 | O44: 0 | S44: 36 | T44: Alumno36
E45: Actividad11 | F45: 0 | G45: 0 | H45: 0 | I45: 0 | J45: 0 | K45: 0 | L45: 0 | M45: 0 | N45: 0 | O45: 0 | S45: 37 | T45: Alumno37
E46: Actividad12 | F46: 0 | G46: 0 | H46: 0 | I46: 0 | J46: 0 | K46: 0 | L46: 0 | M46: 0 | N46: 0 | O46: 0 | S46: 38 | T46: Alumno38
E47: Actividad13 | F47: 0 | G47: 0 | H47: 0 | I47: 0 | J47: 0 | K47: 0 | L47: 0 | M47: 0 | N47: 0 | O47: 0 | S47: 39 | T47: Alumno39
E48: Actividad14 | F48: 0 | G48: 0 | H48: 0 | I48: 0 | J48: 0 | K48: 0 | L48: 0 | M48: 0 | N48: 0 | O48: 0 | S48: 40 | T48: Alumno40
E49: Actividad15 | F49: 0 | G49: 0 | H49: 0 | I49: 0 | J49: 0 | K49: 0 | L49: 0 | M49: 0 | N49: 0 | O49: 0 | S49: 41 | T49: Alumno41
E50: Actividad16 | F50: 0 | G50: 0 | H50: 0 | I50: 0 | J50: 0 | K50: 0 | L50: 0 | M50: 0 | N50: 0 | O50: 0 | S50: 42 | T50: Alumno42
E51: Actividad17 | F51: 0 | G51: 0 | H51: 0 | I51: 0 | J51: 0 | K51: 0 | L51: 0 | M51: 0 | N51: 0 | O51: 0 | S51: 43 | T51: Alumno43
E52: Actividad18 | F52: 0 | G52: 0 | H52: 0 | I52: 0 | J52: 0 | K52: 0 | L52: 0 | M52: 0 | N52: 0 | O52: 0 | S52: 44 | T52: Alumno44 | AD52: 44 | AE52: Alumno44
E53: Actividad19 | F53: 0 | G53: 0 | H53: 0 | I53: 0 | J53: 0 | K53: 0 | L53: 0 | M53: 0 | N53: 0 | O53: 0 | S53: 45 | T53: Alumno45 | AD53: 45 | AE53: Alumno45
E54: Actividad20 | F54: 0 | G54: 0 | H54: 0 | I54: 0 | J54: 0 | K54: 0 | L54: 0 | M54: 0 | N54: 0 | O54: 0
E55: Actividad21 | F55: 0 | G55: 0 | H55: 0 | I55: 0 | J55: 0 | K55: 0 | L55: 0 | M55: 0 | N55: 0 | O55: 0
E56: Actividad22 | F56: 0 | G56: 0 | H56: 0 | I56: 0 | J56: 0 | K56: 0 | L56: 0 | M56: 0 | N56: 0 | O56: 0
E57: Actividad23 | F57: 0 | G57: 0 | H57: 0 | I57: 0 | J57: 0 | K57: 0 | L57: 0 | M57: 0 | N57: 0 | O57: 0
E58: Actividad24 | F58: 0 | G58: 0 | H58: 0 | I58: 0 | J58: 0 | K58: 0 | L58: 0 | M58: 0 | N58: 0 | O58: 0
E59: Actividad25 | F59: 0 | G59: 0 | H59: 0 | I59: 0 | J59: 0 | K59: 0 | L59: 0 | M59: 0 | N59: 0 | O59: 0
E60: Actividad26 | F60: 0 | G60: 0 | H60: 0 | I60: 0 | J60: 0 | K60: 0 | L60: 0 | M60: 0 | N60: 0 | O60: 0
E61: Actividad27 | F61: 0 | G61: 0 | H61: 0 | I61: 0 | J61: 0 | K61: 0 | L61: 0 | M61: 0 | N61: 0 | O61: 0
E62: Actividad28 | F62: 0 | G62: 0 | H62: 0 | I62: 0 | J62: 0 | K62: 0 | L62: 0 | M62: 0 | N62: 0 | O62: 0
E63: Actividad29 | F63: 0 | G63: 0 | H63: 0 | I63: 0 | J63: 0 | K63: 0 | L63: 0 | M63: 0 | N63: 0 | O63: 0
E64: Actividad30 | F64: 0 | G64: 0 | H64: 0 | I64: 0 | J64: 0 | K64: 0 | L64: 0 | M64: 0 | N64: 0 | O64: 0
F65: =SUM(F35:F64) -> 1 | G65: =SUM(G35:G64) -> 1 | H65: =SUM(H35:H64) -> 1 | I65: =SUM(I35:I64) -> 1 | J65: =SUM(J35:J64) -> 0 | K65: =SUM(K35:K64) -> 0 | L65: =SUM(L35:L64) -> 0 | M65: =SUM(M35:M64) -> 0 | ... O65: =SUM(O35:O64) -> 0
E70: Tabla 4 - Control
E71: UT | F71: =F34 -> RA1 | G71: =G34 -> RA2 | H71: =H34 -> RA3 | I71: =I34 -> RA4 | J71: =J34 -> RA5 | K71: =K34 -> RA6 | L71: =L34 -> RA7 | M71: =M34 -> RA8 | ... O71: =O34 -> RA10
E72: 1 | F72: =SUMIF($P$35:$P$64,$E72,F$35:F$64) -> 0 | G72: =SUMIF($P$35:$P$64,$E72,G$35:G$64) -> 0 | H72: =SUMIF($P$35:$P$64,$E72,H$35:H$64) -> 0 | I72: =SUMIF($P$35:$P$64,$E72,I$35:I$64) -> 0 | J72: =SUMIF($P$35:$P$64,$E72,J$35:J$64) -> 0 | K72: =SUMIF($P$35:$P$64,$E72,K$35:K$64) -> 0 | L72: =SUMIF($P$35:$P$64,$E72,L$35:L$64) -> 0 | M72: =SUMIF($P$35:$P$64,$E72,M$35:M$64) -> 0 | ... O72: =SUMIF($P$35:$P$64,$E72,O$35:O$64) -> 0
E73: 2 | F73: =SUMIF($P$35:$P$64,$E73,F$35:F$64) -> 0 | G73: =SUMIF($P$35:$P$64,$E73,G$35:G$64) -> 0 | H73: =SUMIF($P$35:$P$64,$E73,H$35:H$64) -> 0 | I73: =SUMIF($P$35:$P$64,$E73,I$35:I$64) -> 0 | J73: =SUMIF($P$35:$P$64,$E73,J$35:J$64) -> 0 | K73: =SUMIF($P$35:$P$64,$E73,K$35:K$64) -> 0 | L73: =SUMIF($P$35:$P$64,$E73,L$35:L$64) -> 0 | M73: =SUMIF($P$35:$P$64,$E73,M$35:M$64) -> 0 | ... O73: =SUMIF($P$35:$P$64,$E73,O$35:O$64) -> 0
E74: 3 | F74: =SUMIF($P$35:$P$64,$E74,F$35:F$64) -> 0 | G74: =SUMIF($P$35:$P$64,$E74,G$35:G$64) -> 0 | H74: =SUMIF($P$35:$P$64,$E74,H$35:H$64) -> 0 | I74: =SUMIF($P$35:$P$64,$E74,I$35:I$64) -> 0 | J74: =SUMIF($P$35:$P$64,$E74,J$35:J$64) -> 0 | K74: =SUMIF($P$35:$P$64,$E74,K$35:K$64) -> 0 | L74: =SUMIF($P$35:$P$64,$E74,L$35:L$64) -> 0 | M74: =SUMIF($P$35:$P$64,$E74,M$35:M$64) -> 0 | ... O74: =SUMIF($P$35:$P$64,$E74,O$35:O$64) -> 0
E75: 4 | F75: =SUMIF($P$35:$P$64,$E75,F$35:F$64) -> 0 | G75: =SUMIF($P$35:$P$64,$E75,G$35:G$64) -> 0 | H75: =SUMIF($P$35:$P$64,$E75,H$35:H$64) -> 0 | I75: =SUMIF($P$35:$P$64,$E75,I$35:I$64) -> 0 | J75: =SUMIF($P$35:$P$64,$E75,J$35:J$64) -> 0 | K75: =SUMIF($P$35:$P$64,$E75,K$35:K$64) -> 0 | L75: =SUMIF($P$35:$P$64,$E75,L$35:L$64) -> 0 | M75: =SUMIF($P$35:$P$64,$E75,M$35:M$64) -> 0 | ... O75: =SUMIF($P$35:$P$64,$E75,O$35:O$64) -> 0
E76: 5 | F76: =SUMIF($P$35:$P$64,$E76,F$35:F$64) -> 0 | G76: =SUMIF($P$35:$P$64,$E76,G$35:G$64) -> 0 | H76: =SUMIF($P$35:$P$64,$E76,H$35:H$64) -> 0 | I76: =SUMIF($P$35:$P$64,$E76,I$35:I$64) -> 0 | J76: =SUMIF($P$35:$P$64,$E76,J$35:J$64) -> 0 | K76: =SUMIF($P$35:$P$64,$E76,K$35:K$64) -> 0 | L76: =SUMIF($P$35:$P$64,$E76,L$35:L$64) -> 0 | M76: =SUMIF($P$35:$P$64,$E76,M$35:M$64) -> 0 | ... O76: =SUMIF($P$35:$P$64,$E76,O$35:O$64) -> 0
E77: 6 | F77: =SUMIF($P$35:$P$64,$E77,F$35:F$64) -> 0 | G77: =SUMIF($P$35:$P$64,$E77,G$35:G$64) -> 0 | H77: =SUMIF($P$35:$P$64,$E77,H$35:H$64) -> 0 | I77: =SUMIF($P$35:$P$64,$E77,I$35:I$64) -> 0 | J77: =SUMIF($P$35:$P$64,$E77,J$35:J$64) -> 0 | K77: =SUMIF($P$35:$P$64,$E77,K$35:K$64) -> 0 | L77: =SUMIF($P$35:$P$64,$E77,L$35:L$64) -> 0 | M77: =SUMIF($P$35:$P$64,$E77,M$35:M$64) -> 0 | ... O77: =SUMIF($P$35:$P$64,$E77,O$35:O$64) -> 0
E78: 7 | F78: =SUMIF($P$35:$P$64,$E78,F$35:F$64) -> 0 | G78: =SUMIF($P$35:$P$64,$E78,G$35:G$64) -> 0 | H78: =SUMIF($P$35:$P$64,$E78,H$35:H$64) -> 0 | I78: =SUMIF($P$35:$P$64,$E78,I$35:I$64) -> 0 | J78: =SUMIF($P$35:$P$64,$E78,J$35:J$64) -> 0 | K78: =SUMIF($P$35:$P$64,$E78,K$35:K$64) -> 0 | L78: =SUMIF($P$35:$P$64,$E78,L$35:L$64) -> 0 | M78: =SUMIF($P$35:$P$64,$E78,M$35:M$64) -> 0 | ... O78: =SUMIF($P$35:$P$64,$E78,O$35:O$64) -> 0
E79: 8 | F79: =SUMIF($P$35:$P$64,$E79,F$35:F$64) -> 0 | G79: =SUMIF($P$35:$P$64,$E79,G$35:G$64) -> 0 | H79: =SUMIF($P$35:$P$64,$E79,H$35:H$64) -> 0 | I79: =SUMIF($P$35:$P$64,$E79,I$35:I$64) -> 0 | J79: =SUMIF($P$35:$P$64,$E79,J$35:J$64) -> 0 | K79: =SUMIF($P$35:$P$64,$E79,K$35:K$64) -> 0 | L79: =SUMIF($P$35:$P$64,$E79,L$35:L$64) -> 0 | M79: =SUMIF($P$35:$P$64,$E79,M$35:M$64) -> 0 | ... O79: =SUMIF($P$35:$P$64,$E79,O$35:O$64) -> 0
E80: 9 | F80: =SUMIF($P$35:$P$64,$E80,F$35:F$64) -> 0 | G80: =SUMIF($P$35:$P$64,$E80,G$35:G$64) -> 0 | H80: =SUMIF($P$35:$P$64,$E80,H$35:H$64) -> 0 | I80: =SUMIF($P$35:$P$64,$E80,I$35:I$64) -> 0 | J80: =SUMIF($P$35:$P$64,$E80,J$35:J$64) -> 0 | K80: =SUMIF($P$35:$P$64,$E80,K$35:K$64) -> 0 | L80: =SUMIF($P$35:$P$64,$E80,L$35:L$64) -> 0 | M80: =SUMIF($P$35:$P$64,$E80,M$35:M$64) -> 0 | ... O80: =SUMIF($P$35:$P$64,$E80,O$35:O$64) -> 0
E81: 10 | F81: =SUMIF($P$35:$P$64,$E81,F$35:F$64) -> 0 | G81: =SUMIF($P$35:$P$64,$E81,G$35:G$64) -> 0 | H81: =SUMIF($P$35:$P$64,$E81,H$35:H$64) -> 0 | I81: =SUMIF($P$35:$P$64,$E81,I$35:I$64) -> 0 | J81: =SUMIF($P$35:$P$64,$E81,J$35:J$64) -> 0 | K81: =SUMIF($P$35:$P$64,$E81,K$35:K$64) -> 0 | L81: =SUMIF($P$35:$P$64,$E81,L$35:L$64) -> 0 | M81: =SUMIF($P$35:$P$64,$E81,M$35:M$64) -> 0 | ... O81: =SUMIF($P$35:$P$64,$E81,O$35:O$64) -> 0
E82: 11 | F82: =SUMIF($P$35:$P$64,$E82,F$35:F$64) -> 0 | G82: =SUMIF($P$35:$P$64,$E82,G$35:G$64) -> 0 | H82: =SUMIF($P$35:$P$64,$E82,H$35:H$64) -> 0 | I82: =SUMIF($P$35:$P$64,$E82,I$35:I$64) -> 0 | J82: =SUMIF($P$35:$P$64,$E82,J$35:J$64) -> 0 | K82: =SUMIF($P$35:$P$64,$E82,K$35:K$64) -> 0 | L82: =SUMIF($P$35:$P$64,$E82,L$35:L$64) -> 0 | M82: =SUMIF($P$35:$P$64,$E82,M$35:M$64) -> 0 | ... O82: =SUMIF($P$35:$P$64,$E82,O$35:O$64) -> 0
E83: 12 | F83: =SUMIF($P$35:$P$64,$E83,F$35:F$64) -> 0 | G83: =SUMIF($P$35:$P$64,$E83,G$35:G$64) -> 0 | H83: =SUMIF($P$35:$P$64,$E83,H$35:H$64) -> 0 | I83: =SUMIF($P$35:$P$64,$E83,I$35:I$64) -> 0 | J83: =SUMIF($P$35:$P$64,$E83,J$35:J$64) -> 0 | K83: =SUMIF($P$35:$P$64,$E83,K$35:K$64) -> 0 | L83: =SUMIF($P$35:$P$64,$E83,L$35:L$64) -> 0 | M83: =SUMIF($P$35:$P$64,$E83,M$35:M$64) -> 0 | ... O83: =SUMIF($P$35:$P$64,$E83,O$35:O$64) -> 0
... E91: 20 | F91: =SUMIF($P$35:$P$64,$E91,F$35:F$64) -> 0 | G91: =SUMIF($P$35:$P$64,$E91,G$35:G$64) -> 0 | H91: =SUMIF($P$35:$P$64,$E91,H$35:H$64) -> 0 | I91: =SUMIF($P$35:$P$64,$E91,I$35:I$64) -> 0 | J91: =SUMIF($P$35:$P$64,$E91,J$35:J$64) -> 0 | K91: =SUMIF($P$35:$P$64,$E91,K$35:K$64) -> 0 | L91: =SUMIF($P$35:$P$64,$E91,L$35:L$64) -> 0 | M91: =SUMIF($P$35:$P$64,$E91,M$35:M$64) -> 0 | ... O91: =SUMIF($P$35:$P$64,$E91,O$35:O$64) -> 0
F92: =SUM(F72:F91) -> 0 | G92: =SUM(G72:G91) -> 0 | H92: =SUM(H72:H91) -> 0 | I92: =SUM(I72:I91) -> 0 | J92: =SUM(J72:J91) -> 0 | K92: =SUM(K72:K91) -> 0 | L92: =SUM(L72:L91) -> 0 | M92: =SUM(M72:M91) -> 0 | ... O92: =SUM(O72:O91) -> 0

Sheet Actividades
C1: Actividad1 | F1: Nombre: | G1: prueba1 | N1: Actividad2 | Q1: Nombre: | R1: prueba2 | Y1: Actividad3 | AB1: Nombre: | AC1: prueba3 | AJ1: Actividad4 | AM1: Nombre: | AN1: prueba4 | AU1: Actividad5 | AX1: Nombre: | AY1: prueba5 | BF1: Actividad6 | BI1: Nombre: | BJ1: prueba6 | BQ1: Actividad7 | BT1: Nombre: | BU1: prueba7 | CB1: Actividad8 | CE1: Nombre: | CM1: Actividad9 | CP1: Nombre: | CX1: Actividad10 | DA1: Nombre: | DI1: Actividad11 | DL1: Nombre: | DT1: Actividad12 | DW1: Nombre: | EE1: Actividad13 | EH1: Nombre: | EP1: Actividad14 | ES1: Nombre: | FA1: Actividad15 | FD1: Nombre: | FL1: Actividad16 | FO1: Nombre: | FW1: Actividad17 | FZ1: Nombre: | GH1: Actividad18 | GK1: Nombre: | GS1: Actividad19 | GV1: Nombre: | HD1: Actividad20 | HG1: Nombre: | HO1: Actividad21 | HR1: Nombre: | HZ1: Actividad22 | IC1: Nombre: | IK1: Actividad23 | IN1: Nombre: | IV1: Actividad24 | IY1: Nombre: | JG1: Actividad25 | JJ1: Nombre: | JR1: Actividad26 | JU1: Nombre: | KC1: Actividad27 | KF1: Nombre: | KN1: Actividad28 | KQ1: Nombre: | KY1: Actividad29 | LB1: Nombre: | LJ1: Actividad30 | LM1: Nombre: | LW1: Suma ACT
C2: Control | D2: =SUM(D4:M4) -> 1 | F2: Tipo: | G2: Prueba escrita teórica | N2: Control | O2: =SUM(O4:X4) -> 1 | Q2: Tipo: | R2: Prueba escrita teórica | Y2: Control | Z2: =SUM(Z4:AI4) -> 1 | AB2: Tipo: | AC2: Prueba escrita teórica | AJ2: Control | AK2: =SUM(AK4:AT4) -> 1 | AM2: Tipo: | AN2: Prueba escrita teórica | AU2: Control | AV2: =SUM(AV4:BE4) -> 1 | AX2: Tipo: | AY2: Prueba escrita teórica | BF2: Control | BG2: =SUM(BG4:BP4) -> 1 | BI2: Tipo: | BJ2: Prueba escrita teórica | BQ2: Control | BR2: =SUM(BR4:CA4) -> 1 | BT2: Tipo: | BU2: Prueba escrita teórica | CB2: Control | CC2: =SUM(CC4:CL4) -> 0 | CE2: Tipo: | CM2: Control | CN2: =SUM(CN4:CW4) -> 0 | CP2: Tipo: | CX2: Control | CY2: =SUM(CY4:DH4) -> 0 | DA2: Tipo: | DI2: Control | DJ2: =SUM(DJ4:DS4) -> 0 | DL2: Tipo: | DT2: Control | DU2: =SUM(DU4:ED4) -> 0 | DW2: Tipo: | EE2: Control | EF2: =SUM(EF4:EO4) -> 0 | EH2: Tipo: | EP2: Control | EQ2: =SUM(EQ4:EZ4) -> 0 | ES2: Tipo: | FA2: Control | FB2: =SUM(FB4:FK4) -> 0 | FD2: Tipo: | FL2: Control | FM2: =SUM(FM4:FV4) -> 0 | FO2: Tipo: | FW2: Control | FX2: =SUM(FX4:GG4) -> 0 | FZ2: Tipo: | GH2: Control | GI2: =SUM(GI4:GR4) -> 0 | GK2: Tipo: | GS2: Control | GT2: =SUM(GT4:HC4) -> 0 | GV2: Tipo: | HD2: Control | HE2: =SUM(HE4:HN4) -> 0 | HG2: Tipo: | HO2: Control | HP2: =SUM(HP4:HY4) -> 0 | HR2: Tipo: | HZ2: Control | IA2: =SUM(IA4:IJ4) -> 0 | IC2: Tipo: | IK2: Control | IL2: =SUM(IL4:IU4) -> 0 | IN2: Tipo: | IV2: Control | IW2: =SUM(IW4:JF4) -> 0 | IY2: Tipo: | JG2: Control | JH2: =SUM(JH4:JQ4) -> 0 | JJ2: Tipo: | JR2: Control | JS2: =SUM(JS4:KB4) -> 0 | JU2: Tipo: | KC2: Control | KD2: =SUM(KD4:KM4) -> 0 | KF2: Tipo: | KN2: Control | KO2: =SUM(KO4:KX4) -> 0 | KQ2: Tipo: | KY2: Control | KZ2: =SUM(KZ4:LI4) -> 0 | LB2: Tipo: | LJ2: Control | LK2: =SUM(LK4:LT4) -> 0 | LM2: Tipo: | LW2: Control
C3: RA/Ej | D3: 1 | E3: 1 | F3: 1 | G3: 1 | H3: 1 | I3: 1 | J3: 1 | N3: RA/Ej | O3: 1 | P3: 1 | Q3: 2 | R3: 1 | S3: 1 | Y3: RA/Ej | Z3: 1 | AA3: 1 | AB3: 2 | AC3: 2 | AD3: 3 | AJ3: RA/Ej | AK3: 1 | AL3: 2 | AM3: 3 | AN3: 3 | AO3: 2 | AU3: RA/Ej | AV3: 1 | AW3: 2 | AX3: 3 | AY3: 3 | AZ3: 4 | BF3: RA/Ej | BG3: 1 | BH3: 2 | BI3: 3 | BJ3: 4 | BK3: 4 | BQ3: RA/Ej | BR3: 2 | BS3: 3 | BT3: 3 | BU3: 4 | BV3: 4 | CB3: RA/Ej | CM3: RA/Ej | CX3: RA/Ej | DI3: RA/Ej | DT3: RA/Ej | EE3: RA/Ej | EP3: RA/Ej | FA3: RA/Ej | FL3: RA/Ej | FW3: RA/Ej | GH3: RA/Ej | GS3: RA/Ej | HD3: RA/Ej | HO3: RA/Ej | HZ3: RA/Ej | IK3: RA/Ej | IV3: RA/Ej | JG3: RA/Ej | JR3: RA/Ej | KC3: RA/Ej | KN3: RA/Ej | KY3: RA/Ej | LJ3: RA/Ej
C4: Peso/Ej | D4: 0.15 | E4: 0.15 | F4: 0.2 | G4: 0.1 | H4: 0.15 | I4: 0.15 | J4: 0.1 | N4: Peso/Ej | O4: 0.2 | P4: 0.2 | Q4: 0.2 | R4: 0.2 | S4: 0.2 | Y4: Peso/Ej | Z4: 0.2 | AA4: 0.2 | AB4: 0.2 | AC4: 0.2 | AD4: 0.2 | AJ4: Peso/Ej | AK4: 0.2 | AL4: 0.2 | AM4: 0.2 | AN4: 0.2 | AO4: 0.2 | AU4: Peso/Ej | AV4: 0.1 | AW4: 0.2 | AX4: 0.2 | AY4: 0.3 | AZ4: 0.2 | BF4: Peso/Ej | BG4: 0.1 | BH4: 0.2 | BI4: 0.2 | BJ4: 0.2 | BK4: 0.3 | BQ4: Peso/Ej | BR4: 0.2 | BS4: 0.1 | BT4: 0.2 | BU4: 0.2 | BV4: 0.3 | CB4: Peso/Ej | CM4: Peso/Ej | CX4: Peso/Ej | DI4: Peso/Ej | DT4: Peso/Ej | EE4: Peso/Ej | EP4: Peso/Ej | FA4: Peso/Ej | FL4: Peso/Ej | FW4: Peso/Ej | GH4: Peso/Ej | GS4: Peso/Ej | HD4: Peso/Ej | HO4: Peso/Ej | HZ4: Peso/Ej | IK4: Peso/Ej | IV4: Peso/Ej | JG4: Peso/Ej | JR4: Peso/Ej | KC4: Peso/Ej | KN4: Peso/Ej | KY4: Peso/Ej | LJ4: Peso/Ej
C5: NOTA ACTIVIDAD | D5: Ejercicio1 | E5: Ejercicio2 | F5: Ejercicio3 | G5: Ejercicio4 | H5: Ejercicio5 | I5: Ejercicio6 | J5: Ejercicio7 | K5: Ejercicio8 | L5: Ejercicio9 | M5: Ejercicio10 | N5: NOTA ACTIVIDAD | O5: Ejercicio1 | P5: Ejercicio2 | Q5: Ejercicio3 | R5: Ejercicio4 | S5: Ejercicio5 | T5: Ejercicio6 | U5: Ejercicio7 | V5: Ejercicio8 | W5: Ejercicio9 | X5: Ejercicio10 | Y5: NOTA ACTIVIDAD | Z5: Ejercicio1 | AA5: Ejercicio2 | AB5: Ejercicio3 | AC5: Ejercicio4 | AD5: Ejercicio5 | AE5: Ejercicio6 | AF5: Ejercicio7 | AG5: Ejercicio8 | AH5: Ejercicio9 | AI5: Ejercicio10 | AJ5: NOTA ACTIVIDAD | AK5: Ejercicio1 | AL5: Ejercicio2 | AM5: Ejercicio3 | AN5: Ejercicio4 | AO5: Ejercicio5 | AP5: Ejercicio6 | AQ5: Ejercicio7 | AR5: Ejercicio8 | AS5: Ejercicio9 | AT5: Ejercicio10 | AU5: NOTA ACTIVIDAD | AV5: Ejercicio1 | AW5: Ejercicio2 | AX5: Ejercicio3 | AY5: Ejercicio4 | AZ5: Ejercicio5 | BA5: Ejercicio6 | BB5: Ejercicio7 | BC5: Ejercicio8 | BD5: Ejercicio9 | BE5: Ejercicio10 | BF5: NOTA ACTIVIDAD | BG5: Ejercicio1 | BH5: Ejercicio2 | BI5: Ejercicio3 | BJ5: Ejercicio4 | BK5: Ejercicio5 | BL5: Ejercicio6 | BM5: Ejercicio7 | BN5: Ejercicio8 | BO5: Ejercicio9 | BP5: Ejercicio10 | BQ5: NOTA ACTIVIDAD | BR5: Ejercicio1 | BS5: Ejercicio2 | BT5: Ejercicio3 | BU5: Ejercicio4 | BV5: Ejercicio5 | BW5: Ejercicio6 | BX5: Ejercicio7 | BY5: Ejercicio8 | BZ5: Ejercicio9 | CA5: Ejercicio10 | CB5: NOTA ACTIVIDAD | CC5: Ejercicio1 | CD5: Ejercicio2 | CE5: Ejercicio3 | CF5: Ejercicio4 | CG5: Ejercicio5 | CH5: Ejercicio6 | CI5: Ejercicio7 | CJ5: Ejercicio8 | CK5: Ejercicio9 | CL5: Ejercicio10 | CM5: NOTA ACTIVIDAD | CN5: Ejercicio1 | CO5: Ejercicio2 | CP5: Ejercicio3 | CQ5: Ejercicio4 | CR5: Ejercicio5 | CS5: Ejercicio6 | CT5: Ejercicio7 | CU5: Ejercicio8 | CV5: Ejercicio9 | CW5: Ejercicio10 | CX5: NOTA ACTIVIDAD | CY5: Ejercicio1 | CZ5: Ejercicio2 | DA5: Ejercicio3 | DB5: Ejercicio4 | DC5: Ejercicio5 | DD5: Ejercicio6 | DE5: Ejercicio7 | DF5: Ejercicio8 | DG5: Ejercicio9 | DH5: Ejercicio10 | DI5: NOTA ACTIVIDAD | DJ5: Ejercicio1 | DK5: Ejercicio2 | DL5: Ejercicio3 | DM5: Ejercicio4 | DN5: Ejercicio5 | DO5: Ejercicio6 | DP5: Ejercicio7 | DQ5: Ejercicio8 | DR5: Ejercicio9 | DS5: Ejercicio10 | DT5: NOTA ACTIVIDAD | DU5: Ejercicio1 | DV5: Ejercicio2 | DW5: Ejercicio3 | DX5: Ejercicio4 | DY5: Ejercicio5 | DZ5: Ejercicio6 | EA5: Ejercicio7 | EB5: Ejercicio8 | EC5: Ejercicio9 | ED5: Ejercicio10 | EE5: NOTA ACTIVIDAD | EF5: Ejercicio1 | EG5: Ejercicio2 | EH5: Ejercicio3 | EI5: Ejercicio4 | EJ5: Ejercicio5 | EK5: Ejercicio6 | EL5: Ejercicio7 | EM5: Ejercicio8 | EN5: Ejercicio9 | EO5: Ejercicio10 | EP5: NOTA ACTIVIDAD | EQ5: Ejercicio1 | ER5: Ejercicio2 | ES5: Ejercicio3 | ET5: Ejercicio4 | EU5: Ejercicio5 | EV5: Ejercicio6 | EW5: Ejercicio7 | EX5: Ejercicio8 | EY5: Ejercicio9 | EZ5: Ejercicio10 | FA5: NOTA ACTIVIDAD | FB5: Ejercicio1 | FC5: Ejercicio2 | FD5: Ejercicio3 | FE5: Ejercicio4 | FF5: Ejercicio5 | FG5: Ejercicio6 | FH5: Ejercicio7 | FI5: Ejercicio8 | FJ5: Ejercicio9 | FK5: Ejercicio10 | FL5: NOTA ACTIVIDAD | FM5: Ejercicio1 | FN5: Ejercicio2 | FO5: Ejercicio3 | FP5: Ejercicio4 | FQ5: Ejercicio5 | FR5: Ejercicio6 | FS5: Ejercicio7 | FT5: Ejercicio8 | FU5: Ejercicio9 | FV5: Ejercicio10 | FW5: NOTA ACTIVIDAD | FX5: Ejercicio1 | FY5: Ejercicio2 | FZ5: Ejercicio3 | GA5: Ejercicio4 | GB5: Ejercicio5 | GC5: Ejercicio6 | GD5: Ejercicio7 | GE5: Ejercicio8 | GF5: Ejercicio9 | GG5: Ejercicio10 | GH5: NOTA ACTIVIDAD | GI5: Ejercicio1 | GJ5: Ejercicio2 | GK5: Ejercicio3 | GL5: Ejercicio4 | GM5: Ejercicio5 | GN5: Ejercicio6 | GO5: Ejercicio7 | GP5: Ejercicio8 | GQ5: Ejercicio9 | GR5: Ejercicio10 | GS5: NOTA ACTIVIDAD | GT5: Ejercicio1 | GU5: Ejercicio2 | GV5: Ejercicio3 | GW5: Ejercicio4 | GX5: Ejercicio5 | GY5: Ejercicio6 | GZ5: Ejercicio7 | HA5: Ejercicio8 | HB5: Ejercicio9 | HC5: Ejercicio10 | HD5: NOTA ACTIVIDAD | HE5: Ejercicio1 | HF5: Ejercicio2 | HG5: Ejercicio3 | HH5: Ejercicio4 | HI5: Ejercicio5 | HJ5: Ejercicio6 | HK5: Ejercicio7 | HL5: Ejercicio8 | HM5: Ejercicio9 | HN5: Ejercicio10 | HO5: NOTA ACTIVIDAD | HP5: Ejercicio1 | HQ5: Ejercicio2 | HR5: Ejercicio3 | HS5: Ejercicio4 | HT5: Ejercicio5 | HU5: Ejercicio6 | HV5: Ejercicio7 | HW5: Ejercicio8 | HX5: Ejercicio9 | HY5: Ejercicio10 | HZ5: NOTA ACTIVIDAD | IA5: Ejercicio1 | IB5: Ejercicio2 | IC5: Ejercicio3 | ID5: Ejercicio4 | IE5: Ejercicio5 | IF5: Ejercicio6 | IG5: Ejercicio7 | IH5: Ejercicio8 | II5: Ejercicio9 | IJ5: Ejercicio10 | IK5: NOTA ACTIVIDAD | IL5: Ejercicio1 | IM5: Ejercicio2 | IN5: Ejercicio3 | IO5: Ejercicio4 | IP5: Ejercicio5 | IQ5: Ejercicio6 | IR5: Ejercicio7 | IS5: Ejercicio8 | IT5: Ejercicio9 | IU5: Ejercicio10 | IV5: NOTA ACTIVIDAD | IW5: Ejercicio1 | IX5: Ejercicio2 | IY5: Ejercicio3 | IZ5: Ejercicio4 | JA5: Ejercicio5 | JB5: Ejercicio6 | JC5: Ejercicio7 | JD5: Ejercicio8 | JE5: Ejercicio9 | JF5: Ejercicio10 | JG5: NOTA ACTIVIDAD | JH5: Ejercicio1 | JI5: Ejercicio2 | JJ5: Ejercicio3 | JK5: Ejercicio4 | JL5: Ejercicio5 | JM5: Ejercicio6 | JN5: Ejercicio7 | JO5: Ejercicio8 | JP5: Ejercicio9 | JQ5: Ejercicio10 | JR5: NOTA ACTIVIDAD | JS5: Ejercicio1 | JT5: Ejercicio2 | JU5: Ejercicio3 | JV5: Ejercicio4 | JW5: Ejercicio5 | JX5: Ejercicio6 | JY5: Ejercicio7 | JZ5: Ejercicio8 | KA5: Ejercicio9 | KB5: Ejercicio10 | KC5: NOTA ACTIVIDAD | KD5: Ejercicio1 | KE5: Ejercicio2 | KF5: Ejercicio3 | KG5: Ejercicio4 | KH5: Ejercicio5 | KI5: Ejercicio6 | KJ5: Ejercicio7 | KK5: Ejercicio8 | KL5: Ejercicio9 | KM5: Ejercicio10 | KN5: NOTA ACTIVIDAD | KO5: Ejercicio1 | KP5: Ejercicio2 | KQ5: Ejercicio3 | KR5: Ejercicio4 | KS5: Ejercicio5 | KT5: Ejercicio6 | KU5: Ejercicio7 | KV5: Ejercicio8 | KW5: Ejercicio9 | KX5: Ejercicio10 | KY5: NOTA ACTIVIDAD | KZ5: Ejercicio1 | LA5: Ejercicio2 | LB5: Ejercicio3 | LC5: Ejercicio4 | LD5: Ejercicio5 | LE5: Ejercicio6 | LF5: Ejercicio7 | LG5: Ejercicio8 | LH5: Ejercicio9 | LI5: Ejercicio10 | LJ5: NOTA ACTIVIDAD | LK5: Ejercicio1 | LL5: Ejercicio2 | LM5: Ejercicio3 | LN5: Ejercicio4 | LO5: Ejercicio5 | LP5: Ejercicio6 | LQ5: Ejercicio7 | LR5: Ejercicio8 | LS5: Ejercicio9 | LT5: Ejercicio10 | LX5: RA1 | LY5: RA2 | LZ5: RA3 | MA5: RA4 | MB5: RA5 | MC5: RA6 | MD5: RA7 | ME5: RA8 | MF5: RA9 | MG5: RA10
A6: 1 | B6: ='Datos Iniciales'!T9 -> Alumno1 | C6: =SUMPRODUCT(D$4:M$4,D6:M6) -> 6.9 | D6: 8 | E6: 5 | F6: 7 | G6: 4 | H6: 9 | I6: 8 | J6: 6 | N6: =SUMPRODUCT(O$4:X$4,O6:X6) -> 7 | O6: 6 | P6: 7 | Q6: 8 | R6: 9 | S6: 5 | Y6: =SUMPRODUCT(Z$4:AI$4,Z6:AI6) -> 7 | Z6: 6 | AA6: 7 | AB6: 8 | AC6: 9 | AD6: 5 | AJ6: =SUMPRODUCT(AK$4:AT$4,AK6:AT6) -> 7 | AK6: 6 | AL6: 7 | AM6: 8 | AN6: 9 | AO6: 5 | AU6: =SUMPRODUCT(AV$4:BE$4,AV6:BE6) -> 6.2 | AV6: 8 | AW6: 5 | AX6: 7 | AY6: 4 | AZ6: 9 | BF6: =SUMPRODUCT(BG$4:BP$4,BG6:BP6) -> 6.7 | BG6: 8 | BH6: 5 | BI6: 7 | BJ6: 4 | BK6: 9 | BQ6: =SUMPRODUCT(BR$4:CA$4,BR6:CA6) -> 4.5 | BR6: 4 | BS6: 3 | BT6: 5 | BU6: 6 | BV6: 4 | CB6: =SUMPRODUCT(CC$4:CL$4,CC6:CL6) -> 0 | CM6: =SUMPRODUCT(CN$4:CW$4,CN6:CW6) -> 0 | CX6: =SUMPRODUCT(CY$4:DH$4,CY6:DH6) -> 0 | DI6: =SUMPRODUCT(DJ$4:DS$4,DJ6:DS6) -> 0 | DT6: =SUMPRODUCT(DU$4:ED$4,DU6:ED6) -> 0 | EE6: =SUMPRODUCT(EF$4:EO$4,EF6:EO6) -> 0 | EP6: =SUMPRODUCT(EQ$4:EZ$4,EQ6:EZ6) -> 0 | FA6: =SUMPRODUCT(FB$4:FK$4,FB6:FK6) -> 0 | FL6: =SUMPRODUCT(FM$4:FV$4,FM6:FV6) -> 0 | FW6: =SUMPRODUCT(FX$4:GG$4,FX6:GG6) -> 0 | GH6: =SUMPRODUCT(GI$4:GR$4,GI6:GR6) -> 0 | GS6: =SUMPRODUCT(GT$4:HC$4,GT6:HC6) -> 0 | HD6: =SUMPRODUCT(HE$4:HN$4,HE6:HN6) -> 0 | HO6: =SUMPRODUCT(HP$4:HY$4,HP6:HY6) -> 0 | HZ6: =SUMPRODUCT(IA$4:IJ$4,IA6:IJ6) -> 0 | IK6: =SUMPRODUCT(IL$4:IU$4,IL6:IU6) -> 0 | IV6: =SUMPRODUCT(IW$4:JF$4,IW6:JF6) -> 0 | JG6: =SUMPRODUCT(JH$4:JQ$4,JH6:JQ6) -> 0 | JR6: =SUMPRODUCT(JS$4:KB$4,JS6:KB6) -> 0 | KC6: =SUMPRODUCT(KD$4:KM$4,KD6:KM6) -> 0 | KN6: =SUMPRODUCT(KO$4:KX$4,KO6:KX6) -> 0 | KY6: =SUMPRODUCT(KZ$4:LI$4,KZ6:LI6) -> 0 | LJ6: =SUMPRODUCT(LK$4:LT$4,LK6:LT6) -> 0 | LX6: =D160+O160+Z160+AK160+AV160+BG160+BR160+CC160+CN160+CY160+DJ160+DU160+EF160+EQ160+FB160+FM160+FX160+GI160+GT160+HE160+HP160+IA160+IL160+IW160+JH160+JS160+KD160+KO160+KZ160+LK160 -> 6.825 | LY6: =E160+P160+AA160+AL160+AW160+BH160+BS160+CD160+CO160+CZ160+DK160+DV160+EG160+ER160+FC160+FN160+FY160+GJ160+GU160+HF160+HQ160+IB160+IM160+IX160+JI160+JT160+KE160+KP160+LA160+LL160 -> 6.55 | LZ6: =F160+Q160+AB160+AM160+AX160+BI160+BT160+CE160+CP160+DA160+DL160+DW160+EH160+ES160+FD160+FO160+FZ160+GK160+GV160+HG160+HR160+IC160+IN160+IY160+JJ160+JU160+KF160+KQ160+LB160+LM160 -> 6.385 | MA6: =G160+R160+AC160+AN160+AY160+BJ160+BU160+CF160+CQ160+DB160+DM160+DX160+EI160+ET160+FE160+FP160+GA160+GL160+GW160+HH160+HS160+ID160+IO160+IZ160+JK160+JV160+KG160+KR160+LC160+LN160 -> 6.1 | MB6: =H160+S160+AD160+AO160+AZ160+BK160+BV160+CG160+CR160+DC160+DN160+DY160+EJ160+EU160+FF160+FQ160+GB160+GM160+GX160+HI160+HT160+IE160+IP160+JA160+JL160+JW160+KH160+KS160+LD160+LO160 -> 0 | MC6: =I160+T160+AE160+AP160+BA160+BL160+BW160+CH160+CS160+DD160+DO160+DZ160+EK160+EV160+FG160+FR160+GC160+GN160+GY160+HJ160+HU160+IF160+IQ160+JB160+JM160+JX160+KI160+KT160+LE160+LP160 -> 0 | MD6: =J160+U160+AF160+AQ160+BB160+BM160+BX160+CI160+CT160+DE160+DP160+EA160+EL160+EW160+FH160+FS160+GD160+GO160+GZ160+HK160+HV160+IG160+IR160+JC160+JN160+JY160+KJ160+KU160+LF160+LQ160 -> 0 | ME6: =K160+V160+AG160+AR160+BC160+BN160+BY160+CJ160+CU160+DF160+DQ160+EB160+EM160+EX160+FI160+FT160+GE160+GP160+HA160+HL160+HW160+IH160+IS160+JD160+JO160+JZ160+KK160+KV160+LG160+LR160 -> 0 | ... MG6: =M160+X160+AI160+AT160+BE160+BP160+CA160+CL160+CW160+DH160+DS160+ED160+EO160+EZ160+FK160+FV160+GG160+GR160+HC160+HN160+HY160+IJ160+IU160+JF160+JQ160+KB160+KM160+KX160+LI160+LT160 -> 0
A7: 2 | B7: ='Datos Iniciales'!T10 -> Alumno2 | C7: =SUMPRODUCT(D$4:M$4,D7:M7) -> 5 | D7: 5 | E7: 5 | F7: 5 | G7: 5 | H7: 5 | I7: 5 | J7: 5 | N7: =SUMPRODUCT(O$4:X$4,O7:X7) -> 5 | O7: 5 | P7: 5 | Q7: 5 | R7: 5 | S7: 5 | Y7: =SUMPRODUCT(Z$4:AI$4,Z7:AI7) -> 5 | Z7: 5 | AA7: 5 | AB7: 5 | AC7: 5 | AD7: 5 | AJ7: =SUMPRODUCT(AK$4:AT$4,AK7:AT7) -> 5 | AK7: 5 | AL7: 5 | AM7: 5 | AN7: 5 | AO7: 5 | AU7: =SUMPRODUCT(AV$4:BE$4,AV7:BE7) -> 5 | AV7: 5 | AW7: 5 | AX7: 5 | AY7: 5 | AZ7: 5 | BF7: =SUMPRODUCT(BG$4:BP$4,BG7:BP7) -> 5 | BG7: 5 | BH7: 5 | BI7: 5 | BJ7: 5 | BK7: 5 | BQ7: =SUMPRODUCT(BR$4:CA$4,BR7:CA7) -> 3.6 | BR7: 3 | BS7: 3 | BT7: 2 | BU7: 4 | BV7: 5 | CB7: =SUMPRODUCT(CC$4:CL$4,CC7:CL7) -> 0 | CM7: =SUMPRODUCT(CN$4:CW$4,CN7:CW7) -> 0 | CX7: =SUMPRODUCT(CY$4:DH$4,CY7:DH7) -> 0 | DI7: =SUMPRODUCT(DJ$4:DS$4,DJ7:DS7) -> 0 | DT7: =SUMPRODUCT(DU$4:ED$4,DU7:ED7) -> 0 | EE7: =SUMPRODUCT(EF$4:EO$4,EF7:EO7) -> 0 | EP7: =SUMPRODUCT(EQ$4:EZ$4,EQ7:EZ7) -> 0 | FA7: =SUMPRODUCT(FB$4:FK$4,FB7:FK7) -> 0 | FL7: =SUMPRODUCT(FM$4:FV$4,FM7:FV7) -> 0 | FW7: =SUMPRODUCT(FX$4:GG$4,FX7:GG7) -> 0 | GH7: =SUMPRODUCT(GI$4:GR$4,GI7:GR7) -> 0 | GS7: =SUMPRODUCT(GT$4:HC$4,GT7:HC7) -> 0 | HD7: =SUMPRODUCT(HE$4:HN$4,HE7:HN7) -> 0 | HO7: =SUMPRODUCT(HP$4:HY$4,HP7:HY7) -> 0 | HZ7: =SUMPRODUCT(IA$4:IJ$4,IA7:IJ7) -> 0 | IK7: =SUMPRODUCT(IL$4:IU$4,IL7:IU7) -> 0 | IV7: =SUMPRODUCT(IW$4:JF$4,IW7:JF7) -> 0 | JG7: =SUMPRODUCT(JH$4:JQ$4,JH7:JQ7) -> 0 | JR7: =SUMPRODUCT(JS$4:KB$4,JS7:KB7) -> 0 | KC7: =SUMPRODUCT(KD$4:KM$4,KD7:KM7) -> 0 | KN7: =SUMPRODUCT(KO$4:KX$4,KO7:KX7) -> 0 | KY7: =SUMPRODUCT(KZ$4:LI$4,KZ7:LI7) -> 0 | LJ7: =SUMPRODUCT(LK$4:LT$4,LK7:LT7) -> 0 | LX7: =D161+O161+Z161+AK161+AV161+BG161+BR161+CC161+CN161+CY161+DJ161+DU161+EF161+EQ161+FB161+FM161+FX161+GI161+GT161+HE161+HP161+IA161+IL161+IW161+JH161+JS161+KD161+KO161+KZ161+LK161 -> 5 | LY7: =E161+P161+AA161+AL161+AW161+BH161+BS161+CD161+CO161+CZ161+DK161+DV161+EG161+ER161+FC161+FN161+FY161+GJ161+GU161+HF161+HQ161+IB161+IM161+IX161+JI161+JT161+KE161+KP161+LA161+LL161 -> 4.9 | LZ7: =F161+Q161+AB161+AM161+AX161+BI161+BT161+CE161+CP161+DA161+DL161+DW161+EH161+ES161+FD161+FO161+FZ161+GK161+GV161+HG161+HR161+IC161+IN161+IY161+JJ161+JU161+KF161+KQ161+LB161+LM161 -> 4.6 | MA7: =G161+R161+AC161+AN161+AY161+BJ161+BU161+CF161+CQ161+DB161+DM161+DX161+EI161+ET161+FE161+FP161+GA161+GL161+GW161+HH161+HS161+ID161+IO161+IZ161+JK161+JV161+KG161+KR161+LC161+LN161 -> 4.8 | MB7: =H161+S161+AD161+AO161+AZ161+BK161+BV161+CG161+CR161+DC161+DN161+DY161+EJ161+EU161+FF161+FQ161+GB161+GM161+GX161+HI161+HT161+IE161+IP161+JA161+JL161+JW161+KH161+KS161+LD161+LO161 -> 0 | MC7: =I161+T161+AE161+AP161+BA161+BL161+BW161+CH161+CS161+DD161+DO161+DZ161+EK161+EV161+FG161+FR161+GC161+GN161+GY161+HJ161+HU161+IF161+IQ161+JB161+JM161+JX161+KI161+KT161+LE161+LP161 -> 0 | MD7: =J161+U161+AF161+AQ161+BB161+BM161+BX161+CI161+CT161+DE161+DP161+EA161+EL161+EW161+FH161+FS161+GD161+GO161+GZ161+HK161+HV161+IG161+IR161+JC161+JN161+JY161+KJ161+KU161+LF161+LQ161 -> 0 | ME7: =K161+V161+AG161+AR161+BC161+BN161+BY161+CJ161+CU161+DF161+DQ161+EB161+EM161+EX161+FI161+FT161+GE161+GP161+HA161+HL161+HW161+IH161+IS161+JD161+JO161+JZ161+KK161+KV161+LG161+LR161 -> 0 | ... MG7: =M161+X161+AI161+AT161+BE161+BP161+CA161+CL161+CW161+DH161+DS161+ED161+EO161+EZ161+FK161+FV161+GG161+GR161+HC161+HN161+HY161+IJ161+IU161+JF161+JQ161+KB161+KM161+KX161+LI161+LT161 -> 0
A8: 3 | B8: ='Datos Iniciales'!T11 -> Alumno3 | C8: =SUMPRODUCT(D$4:M$4,D8:M8) -> 5.3 | D8: 6 | E8: 7 | F8: 4 | G8: 4 | H8: 5 | I8: 6 | J8: 5 | N8: =SUMPRODUCT(O$4:X$4,O8:X8) -> 4.6 | O8: 5 | P8: 6 | Q8: 3 | R8: 4 | S8: 5 | Y8: =SUMPRODUCT(Z$4:AI$4,Z8:AI8) -> 4.6 | Z8: 5 | AA8: 6 | AB8: 3 | AC8: 4 | AD8: 5 | AJ8: =SUMPRODUCT(AK$4:AT$4,AK8:AT8) -> 4.6 | AK8: 5 | AL8: 6 | AM8: 3 | AN8: 4 | AO8: 5 | AU8: =SUMPRODUCT(AV$4:BE$4,AV8:BE8) -> 5 | AV8: 6 | AW8: 7 | AX8: 4 | AY8: 4 | AZ8: 5 | BF8: =SUMPRODUCT(BG$4:BP$4,BG8:BP8) -> 5.1 | BG8: 6 | BH8: 7 | BI8: 4 | BJ8: 4 | BK8: 5 | BQ8: =SUMPRODUCT(BR$4:CA$4,BR8:CA8) -> 9.5 | BR8: 9 | BS8: 10 | BT8: 10 | BU8: 10 | BV8: 9 | CB8: =SUMPRODUCT(CC$4:CL$4,CC8:CL8) -> 0 | CM8: =SUMPRODUCT(CN$4:CW$4,CN8:CW8) -> 0 | CX8: =SUMPRODUCT(CY$4:DH$4,CY8:DH8) -> 0 | DI8: =SUMPRODUCT(DJ$4:DS$4,DJ8:DS8) -> 0 | DT8: =SUMPRODUCT(DU$4:ED$4,DU8:ED8) -> 0 | EE8: =SUMPRODUCT(EF$4:EO$4,EF8:EO8) -> 0 | EP8: =SUMPRODUCT(EQ$4:EZ$4,EQ8:EZ8) -> 0 | FA8: =SUMPRODUCT(FB$4:FK$4,FB8:FK8) -> 0 | FL8: =SUMPRODUCT(FM$4:FV$4,FM8:FV8) -> 0 | FW8: =SUMPRODUCT(FX$4:GG$4,FX8:GG8) -> 0 | GH8: =SUMPRODUCT(GI$4:GR$4,GI8:GR8) -> 0 | GS8: =SUMPRODUCT(GT$4:HC$4,GT8:HC8) -> 0 | HD8: =SUMPRODUCT(HE$4:HN$4,HE8:HN8) -> 0 | HO8: =SUMPRODUCT(HP$4:HY$4,HP8:HY8) -> 0 | HZ8: =SUMPRODUCT(IA$4:IJ$4,IA8:IJ8) -> 0 | IK8: =SUMPRODUCT(IL$4:IU$4,IL8:IU8) -> 0 | IV8: =SUMPRODUCT(IW$4:JF$4,IW8:JF8) -> 0 | JG8: =SUMPRODUCT(JH$4:JQ$4,JH8:JQ8) -> 0 | JR8: =SUMPRODUCT(JS$4:KB$4,JS8:KB8) -> 0 | KC8: =SUMPRODUCT(KD$4:KM$4,KD8:KM8) -> 0 | KN8: =SUMPRODUCT(KO$4:KX$4,KO8:KX8) -> 0 | KY8: =SUMPRODUCT(KZ$4:LI$4,KZ8:LI8) -> 0 | LJ8: =SUMPRODUCT(LK$4:LT$4,LK8:LT8) -> 0 | LX8: =D162+O162+Z162+AK162+AV162+BG162+BR162+CC162+CN162+CY162+DJ162+DU162+EF162+EQ162+FB162+FM162+FX162+GI162+GT162+HE162+HP162+IA162+IL162+IW162+JH162+JS162+KD162+KO162+KZ162+LK162 -> 5.375 | LY8: =E162+P162+AA162+AL162+AW162+BH162+BS162+CD162+CO162+CZ162+DK162+DV162+EG162+ER162+FC162+FN162+FY162+GJ162+GU162+HF162+HQ162+IB162+IM162+IX162+JI162+JT162+KE162+KP162+LA162+LL162 -> 5.15 | LZ8: =F162+Q162+AB162+AM162+AX162+BI162+BT162+CE162+CP162+DA162+DL162+DW162+EH162+ES162+FD162+FO162+FZ162+GK162+GV162+HG162+HR162+IC162+IN162+IY162+JJ162+JU162+KF162+KQ162+LB162+LM162 -> 4.825 | MA8: =G162+R162+AC162+AN162+AY162+BJ162+BU162+CF162+CQ162+DB162+DM162+DX162+EI162+ET162+FE162+FP162+GA162+GL162+GW162+HH162+HS162+ID162+IO162+IZ162+JK162+JV162+KG162+KR162+LC162+LN162 -> 7.04 | MB8: =H162+S162+AD162+AO162+AZ162+BK162+BV162+CG162+CR162+DC162+DN162+DY162+EJ162+EU162+FF162+FQ162+GB162+GM162+GX162+HI162+HT162+IE162+IP162+JA162+JL162+JW162+KH162+KS162+LD162+LO162 -> 0 | MC8: =I162+T162+AE162+AP162+BA162+BL162+BW162+CH162+CS162+DD162+DO162+DZ162+EK162+EV162+FG162+FR162+GC162+GN162+GY162+HJ162+HU162+IF162+IQ162+JB162+JM162+JX162+KI162+KT162+LE162+LP162 -> 0 | MD8: =J162+U162+AF162+AQ162+BB162+BM162+BX162+CI162+CT162+DE162+DP162+EA162+EL162+EW162+FH162+FS162+GD162+GO162+GZ162+HK162+HV162+IG162+IR162+JC162+JN162+JY162+KJ162+KU162+LF162+LQ162 -> 0 | ME8: =K162+V162+AG162+AR162+BC162+BN162+BY162+CJ162+CU162+DF162+DQ162+EB162+EM162+EX162+FI162+FT162+GE162+GP162+HA162+HL162+HW162+IH162+IS162+JD162+JO162+JZ162+KK162+KV162+LG162+LR162 -> 0 | ... MG8: =M162+X162+AI162+AT162+BE162+BP162+CA162+CL162+CW162+DH162+DS162+ED162+EO162+EZ162+FK162+FV162+GG162+GR162+HC162+HN162+HY162+IJ162+IU162+JF162+JQ162+KB162+KM162+KX162+LI162+LT162 -> 0
A9: 4 | B9: ='Datos Iniciales'!T12 -> Alumno4 | C9: =SUMPRODUCT(D$4:M$4,D9:M9) -> 4.1 | D9: 4 | E9: 3 | F9: 5 | G9: 6 | H9: 4 | I9: 3 | J9: 4 | N9: =SUMPRODUCT(O$4:X$4,O9:X9) -> 5 | O9: 5 | P9: 5 | Q9: 5 | R9: 5 | S9: 5 | Y9: =SUMPRODUCT(Z$4:AI$4,Z9:AI9) -> 5 | Z9: 5 | AA9: 5 | AB9: 5 | AC9: 5 | AD9: 5 | AJ9: =SUMPRODUCT(AK$4:AT$4,AK9:AT9) -> 5 | AK9: 5 | AL9: 5 | AM9: 5 | AN9: 5 | AO9: 5 | AU9: =SUMPRODUCT(AV$4:BE$4,AV9:BE9) -> 4.6 | AV9: 4 | AW9: 3 | AX9: 5 | AY9: 6 | AZ9: 4 | BF9: =SUMPRODUCT(BG$4:BP$4,BG9:BP9) -> 4.4 | BG9: 4 | BH9: 3 | BI9: 5 | BJ9: 6 | BK9: 4 | BQ9: =SUMPRODUCT(BR$4:CA$4,BR9:CA9) -> 9 | BR9: 9 | BS9: 9 | BT9: 9 | BU9: 9 | BV9: 9 | CB9: =SUMPRODUCT(CC$4:CL$4,CC9:CL9) -> 0 | CM9: =SUMPRODUCT(CN$4:CW$4,CN9:CW9) -> 0 | CX9: =SUMPRODUCT(CY$4:DH$4,CY9:DH9) -> 0 | DI9: =SUMPRODUCT(DJ$4:DS$4,DJ9:DS9) -> 0 | DT9: =SUMPRODUCT(DU$4:ED$4,DU9:ED9) -> 0 | EE9: =SUMPRODUCT(EF$4:EO$4,EF9:EO9) -> 0 | EP9: =SUMPRODUCT(EQ$4:EZ$4,EQ9:EZ9) -> 0 | FA9: =SUMPRODUCT(FB$4:FK$4,FB9:FK9) -> 0 | FL9: =SUMPRODUCT(FM$4:FV$4,FM9:FV9) -> 0 | FW9: =SUMPRODUCT(FX$4:GG$4,FX9:GG9) -> 0 | GH9: =SUMPRODUCT(GI$4:GR$4,GI9:GR9) -> 0 | GS9: =SUMPRODUCT(GT$4:HC$4,GT9:HC9) -> 0 | HD9: =SUMPRODUCT(HE$4:HN$4,HE9:HN9) -> 0 | HO9: =SUMPRODUCT(HP$4:HY$4,HP9:HY9) -> 0 | HZ9: =SUMPRODUCT(IA$4:IJ$4,IA9:IJ9) -> 0 | IK9: =SUMPRODUCT(IL$4:IU$4,IL9:IU9) -> 0 | IV9: =SUMPRODUCT(IW$4:JF$4,IW9:JF9) -> 0 | JG9: =SUMPRODUCT(JH$4:JQ$4,JH9:JQ9) -> 0 | JR9: =SUMPRODUCT(JS$4:KB$4,JS9:KB9) -> 0 | KC9: =SUMPRODUCT(KD$4:KM$4,KD9:KM9) -> 0 | KN9: =SUMPRODUCT(KO$4:KX$4,KO9:KX9) -> 0 | KY9: =SUMPRODUCT(KZ$4:LI$4,KZ9:LI9) -> 0 | LJ9: =SUMPRODUCT(LK$4:LT$4,LK9:LT9) -> 0 | LX9: =D163+O163+Z163+AK163+AV163+BG163+BR163+CC163+CN163+CY163+DJ163+DU163+EF163+EQ163+FB163+FM163+FX163+GI163+GT163+HE163+HP163+IA163+IL163+IW163+JH163+JS163+KD163+KO163+KZ163+LK163 -> 4.625 | LY9: =E163+P163+AA163+AL163+AW163+BH163+BS163+CD163+CO163+CZ163+DK163+DV163+EG163+ER163+FC163+FN163+FY163+GJ163+GU163+HF163+HQ163+IB163+IM163+IX163+JI163+JT163+KE163+KP163+LA163+LL163 -> 4.7 | LZ9: =F163+Q163+AB163+AM163+AX163+BI163+BT163+CE163+CP163+DA163+DL163+DW163+EH163+ES163+FD163+FO163+FZ163+GK163+GV163+HG163+HR163+IC163+IN163+IY163+JJ163+JU163+KF163+KQ163+LB163+LM163 -> 5.78 | MA9: =G163+R163+AC163+AN163+AY163+BJ163+BU163+CF163+CQ163+DB163+DM163+DX163+EI163+ET163+FE163+FP163+GA163+GL163+GW163+HH163+HS163+ID163+IO163+IZ163+JK163+JV163+KG163+KR163+LC163+LN163 -> 6.82 | MB9: =H163+S163+AD163+AO163+AZ163+BK163+BV163+CG163+CR163+DC163+DN163+DY163+EJ163+EU163+FF163+FQ163+GB163+GM163+GX163+HI163+HT163+IE163+IP163+JA163+JL163+JW163+KH163+KS163+LD163+LO163 -> 0 | MC9: =I163+T163+AE163+AP163+BA163+BL163+BW163+CH163+CS163+DD163+DO163+DZ163+EK163+EV163+FG163+FR163+GC163+GN163+GY163+HJ163+HU163+IF163+IQ163+JB163+JM163+JX163+KI163+KT163+LE163+LP163 -> 0 | MD9: =J163+U163+AF163+AQ163+BB163+BM163+BX163+CI163+CT163+DE163+DP163+EA163+EL163+EW163+FH163+FS163+GD163+GO163+GZ163+HK163+HV163+IG163+IR163+JC163+JN163+JY163+KJ163+KU163+LF163+LQ163 -> 0 | ME9: =K163+V163+AG163+AR163+BC163+BN163+BY163+CJ163+CU163+DF163+DQ163+EB163+EM163+EX163+FI163+FT163+GE163+GP163+HA163+HL163+HW163+IH163+IS163+JD163+JO163+JZ163+KK163+KV163+LG163+LR163 -> 0 | ... MG9: =M163+X163+AI163+AT163+BE163+BP163+CA163+CL163+CW163+DH163+DS163+ED163+EO163+EZ163+FK163+FV163+GG163+GR163+HC163+HN163+HY163+IJ163+IU163+JF163+JQ163+KB163+KM163+KX163+LI163+LT163 -> 0
A10: 5 | B10: ='Datos Iniciales'!T13 -> Alumno5 | C10: =SUMPRODUCT(D$4:M$4,D10:M10) -> 3.35 | D10: 3 | E10: 3 | F10: 2 | G10: 4 | H10: 5 | I10: 4 | J10: 3 | N10: =SUMPRODUCT(O$4:X$4,O10:X10) -> 9 | O10: 9 | P10: 9 | Q10: 9 | R10: 9 | S10: 9 | Y10: =SUMPRODUCT(Z$4:AI$4,Z10:AI10) -> 9 | Z10: 9 | AA10: 9 | AB10: 9 | AC10: 9 | AD10: 9 | AJ10: =SUMPRODUCT(AK$4:AT$4,AK10:AT10) -> 9 | AK10: 9 | AL10: 9 | AM10: 9 | AN10: 9 | AO10: 9 | AU10: =SUMPRODUCT(AV$4:BE$4,AV10:BE10) -> 3.5 | AV10: 3 | AW10: 3 | AX10: 2 | AY10: 4 | AZ10: 5 | BF10: =SUMPRODUCT(BG$4:BP$4,BG10:BP10) -> 3.6 | BG10: 3 | BH10: 3 | BI10: 2 | BJ10: 4 | BK10: 5 | BQ10: =SUMPRODUCT(BR$4:CA$4,BR10:CA10) -> 9.7 | BR10: 10 | BS10: 9 | BT10: 10 | BU10: 9 | BV10: 10 | CB10: =SUMPRODUCT(CC$4:CL$4,CC10:CL10) -> 0 | CM10: =SUMPRODUCT(CN$4:CW$4,CN10:CW10) -> 0 | CX10: =SUMPRODUCT(CY$4:DH$4,CY10:DH10) -> 0 | DI10: =SUMPRODUCT(DJ$4:DS$4,DJ10:DS10) -> 0 | DT10: =SUMPRODUCT(DU$4:ED$4,DU10:ED10) -> 0 | EE10: =SUMPRODUCT(EF$4:EO$4,EF10:EO10) -> 0 | EP10: =SUMPRODUCT(EQ$4:EZ$4,EQ10:EZ10) -> 0 | FA10: =SUMPRODUCT(FB$4:FK$4,FB10:FK10) -> 0 | FL10: =SUMPRODUCT(FM$4:FV$4,FM10:FV10) -> 0 | FW10: =SUMPRODUCT(FX$4:GG$4,FX10:GG10) -> 0 | GH10: =SUMPRODUCT(GI$4:GR$4,GI10:GR10) -> 0 | GS10: =SUMPRODUCT(GT$4:HC$4,GT10:HC10) -> 0 | HD10: =SUMPRODUCT(HE$4:HN$4,HE10:HN10) -> 0 | HO10: =SUMPRODUCT(HP$4:HY$4,HP10:HY10) -> 0 | HZ10: =SUMPRODUCT(IA$4:IJ$4,IA10:IJ10) -> 0 | IK10: =SUMPRODUCT(IL$4:IU$4,IL10:IU10) -> 0 | IV10: =SUMPRODUCT(IW$4:JF$4,IW10:JF10) -> 0 | JG10: =SUMPRODUCT(JH$4:JQ$4,JH10:JQ10) -> 0 | JR10: =SUMPRODUCT(JS$4:KB$4,JS10:KB10) -> 0 | KC10: =SUMPRODUCT(KD$4:KM$4,KD10:KM10) -> 0 | KN10: =SUMPRODUCT(KO$4:KX$4,KO10:KX10) -> 0 | KY10: =SUMPRODUCT(KZ$4:LI$4,KZ10:LI10) -> 0 | LJ10: =SUMPRODUCT(LK$4:LT$4,LK10:LT10) -> 0 | LX10: =D164+O164+Z164+AK164+AV164+BG164+BR164+CC164+CN164+CY164+DJ164+DU164+EF164+EQ164+FB164+FM164+FX164+GI164+GT164+HE164+HP164+IA164+IL164+IW164+JH164+JS164+KD164+KO164+KZ164+LK164 -> 6.6875 | LY10: =E164+P164+AA164+AL164+AW164+BH164+BS164+CD164+CO164+CZ164+DK164+DV164+EG164+ER164+FC164+FN164+FY164+GJ164+GU164+HF164+HQ164+IB164+IM164+IX164+JI164+JT164+KE164+KP164+LA164+LL164 -> 7.55 | LZ10: =F164+Q164+AB164+AM164+AX164+BI164+BT164+CE164+CP164+DA164+DL164+DW164+EH164+ES164+FD164+FO164+FZ164+GK164+GV164+HG164+HR164+IC164+IN164+IY164+JJ164+JU164+KF164+KQ164+LB164+LM164 -> 6.66 | MA10: =G164+R164+AC164+AN164+AY164+BJ164+BU164+CF164+CQ164+DB164+DM164+DX164+EI164+ET164+FE164+FP164+GA164+GL164+GW164+HH164+HS164+ID164+IO164+IZ164+JK164+JV164+KG164+KR164+LC164+LN164 -> 7.14 | MB10: =H164+S164+AD164+AO164+AZ164+BK164+BV164+CG164+CR164+DC164+DN164+DY164+EJ164+EU164+FF164+FQ164+GB164+GM164+GX164+HI164+HT164+IE164+IP164+JA164+JL164+JW164+KH164+KS164+LD164+LO164 -> 0 | MC10: =I164+T164+AE164+AP164+BA164+BL164+BW164+CH164+CS164+DD164+DO164+DZ164+EK164+EV164+FG164+FR164+GC164+GN164+GY164+HJ164+HU164+IF164+IQ164+JB164+JM164+JX164+KI164+KT164+LE164+LP164 -> 0 | MD10: =J164+U164+AF164+AQ164+BB164+BM164+BX164+CI164+CT164+DE164+DP164+EA164+EL164+EW164+FH164+FS164+GD164+GO164+GZ164+HK164+HV164+IG164+IR164+JC164+JN164+JY164+KJ164+KU164+LF164+LQ164 -> 0 | ME10: =K164+V164+AG164+AR164+BC164+BN164+BY164+CJ164+CU164+DF164+DQ164+EB164+EM164+EX164+FI164+FT164+GE164+GP164+HA164+HL164+HW164+IH164+IS164+JD164+JO164+JZ164+KK164+KV164+LG164+LR164 -> 0 | ... MG10: =M164+X164+AI164+AT164+BE164+BP164+CA164+CL164+CW164+DH164+DS164+ED164+EO164+EZ164+FK164+FV164+GG164+GR164+HC164+HN164+HY164+IJ164+IU164+JF164+JQ164+KB164+KM164+KX164+LI164+LT164 -> 0
A11: 6 | B11: ='Datos Iniciales'!T14 -> Alumno6 | C11: =SUMPRODUCT(D$4:M$4,D11:M11) -> 9.55 | D11: 9 | E11: 10 | F11: 10 | G11: 10 | H11: 9 | I11: 9 | J11: 10 | N11: =SUMPRODUCT(O$4:X$4,O11:X11) -> 9.6 | O11: 10 | P11: 9 | Q11: 10 | R11: 9 | S11: 10 | Y11: =SUMPRODUCT(Z$4:AI$4,Z11:AI11) -> 9.6 | Z11: 10 | AA11: 9 | AB11: 10 | AC11: 9 | AD11: 10 | AJ11: =SUMPRODUCT(AK$4:AT$4,AK11:AT11) -> 9.6 | AK11: 10 | AL11: 9 | AM11: 10 | AN11: 9 | AO11: 10 | AU11: =SUMPRODUCT(AV$4:BE$4,AV11:BE11) -> 9.7 | AV11: 9 | AW11: 10 | AX11: 10 | AY11: 10 | AZ11: 9 | BF11: =SUMPRODUCT(BG$4:BP$4,BG11:BP11) -> 9.6 | BG11: 9 | BH11: 10 | BI11: 10 | BJ11: 10 | BK11: 9 | BQ11: =SUMPRODUCT(BR$4:CA$4,BR11:CA11) -> 6.8 | BR11: 6 | BS11: 7 | BT11: 8 | BU11: 9 | BV11: 5 | CB11: =SUMPRODUCT(CC$4:CL$4,CC11:CL11) -> 0 | CM11: =SUMPRODUCT(CN$4:CW$4,CN11:CW11) -> 0 | CX11: =SUMPRODUCT(CY$4:DH$4,CY11:DH11) -> 0 | DI11: =SUMPRODUCT(DJ$4:DS$4,DJ11:DS11) -> 0 | DT11: =SUMPRODUCT(DU$4:ED$4,DU11:ED11) -> 0 | EE11: =SUMPRODUCT(EF$4:EO$4,EF11:EO11) -> 0 | EP11: =SUMPRODUCT(EQ$4:EZ$4,EQ11:EZ11) -> 0 | FA11: =SUMPRODUCT(FB$4:FK$4,FB11:FK11) -> 0 | FL11: =SUMPRODUCT(FM$4:FV$4,FM11:FV11) -> 0 | FW11: =SUMPRODUCT(FX$4:GG$4,FX11:GG11) -> 0 | GH11: =SUMPRODUCT(GI$4:GR$4,GI11:GR11) -> 0 | GS11: =SUMPRODUCT(GT$4:HC$4,GT11:HC11) -> 0 | HD11: =SUMPRODUCT(HE$4:HN$4,HE11:HN11) -> 0 | HO11: =SUMPRODUCT(HP$4:HY$4,HP11:HY11) -> 0 | HZ11: =SUMPRODUCT(IA$4:IJ$4,IA11:IJ11) -> 0 | IK11: =SUMPRODUCT(IL$4:IU$4,IL11:IU11) -> 0 | IV11: =SUMPRODUCT(IW$4:JF$4,IW11:JF11) -> 0 | JG11: =SUMPRODUCT(JH$4:JQ$4,JH11:JQ11) -> 0 | JR11: =SUMPRODUCT(JS$4:KB$4,JS11:KB11) -> 0 | KC11: =SUMPRODUCT(KD$4:KM$4,KD11:KM11) -> 0 | KN11: =SUMPRODUCT(KO$4:KX$4,KO11:KX11) -> 0 | KY11: =SUMPRODUCT(KZ$4:LI$4,KZ11:LI11) -> 0 | LJ11: =SUMPRODUCT(LK$4:LT$4,LK11:LT11) -> 0 | LX11: =D165+O165+Z165+AK165+AV165+BG165+BR165+CC165+CN165+CY165+DJ165+DU165+EF165+EQ165+FB165+FM165+FX165+GI165+GT165+HE165+HP165+IA165+IL165+IW165+JH165+JS165+KD165+KO165+KZ165+LK165 -> 9.4875 | LY11: =E165+P165+AA165+AL165+AW165+BH165+BS165+CD165+CO165+CZ165+DK165+DV165+EG165+ER165+FC165+FN165+FY165+GJ165+GU165+HF165+HQ165+IB165+IM165+IX165+JI165+JT165+KE165+KP165+LA165+LL165 -> 9.55 | LZ11: =F165+Q165+AB165+AM165+AX165+BI165+BT165+CE165+CP165+DA165+DL165+DW165+EH165+ES165+FD165+FO165+FZ165+GK165+GV165+HG165+HR165+IC165+IN165+IY165+JJ165+JU165+KF165+KQ165+LB165+LM165 -> 9.475 | MA11: =G165+R165+AC165+AN165+AY165+BJ165+BU165+CF165+CQ165+DB165+DM165+DX165+EI165+ET165+FE165+FP165+GA165+GL165+GW165+HH165+HS165+ID165+IO165+IZ165+JK165+JV165+KG165+KR165+LC165+LN165 -> 7.96 | MB11: =H165+S165+AD165+AO165+AZ165+BK165+BV165+CG165+CR165+DC165+DN165+DY165+EJ165+EU165+FF165+FQ165+GB165+GM165+GX165+HI165+HT165+IE165+IP165+JA165+JL165+JW165+KH165+KS165+LD165+LO165 -> 0 | MC11: =I165+T165+AE165+AP165+BA165+BL165+BW165+CH165+CS165+DD165+DO165+DZ165+EK165+EV165+FG165+FR165+GC165+GN165+GY165+HJ165+HU165+IF165+IQ165+JB165+JM165+JX165+KI165+KT165+LE165+LP165 -> 0 | MD11: =J165+U165+AF165+AQ165+BB165+BM165+BX165+CI165+CT165+DE165+DP165+EA165+EL165+EW165+FH165+FS165+GD165+GO165+GZ165+HK165+HV165+IG165+IR165+JC165+JN165+JY165+KJ165+KU165+LF165+LQ165 -> 0 | ME11: =K165+V165+AG165+AR165+BC165+BN165+BY165+CJ165+CU165+DF165+DQ165+EB165+EM165+EX165+FI165+FT165+GE165+GP165+HA165+HL165+HW165+IH165+IS165+JD165+JO165+JZ165+KK165+KV165+LG165+LR165 -> 0 | ... MG11: =M165+X165+AI165+AT165+BE165+BP165+CA165+CL165+CW165+DH165+DS165+ED165+EO165+EZ165+FK165+FV165+GG165+GR165+HC165+HN165+HY165+IJ165+IU165+JF165+JQ165+KB165+KM165+KX165+LI165+LT165 -> 0
A12: 7 | B12: ='Datos Iniciales'!T15 -> Alumno7 | C12: =SUMPRODUCT(D$4:M$4,D12:M12) -> 8.85 | D12: 9 | E12: 9 | F12: 9 | G12: 9 | H12: 9 | I12: 8 | J12: 9 | N12: =SUMPRODUCT(O$4:X$4,O12:X12) -> 9 | O12: 9 | P12: 9 | Q12: 9 | R12: 9 | S12: 9 | Y12: =SUMPRODUCT(Z$4:AI$4,Z12:AI12) -> 9 | Z12: 9 | AA12: 9 | AB12: 9 | AC12: 9 | AD12: 9 | AJ12: =SUMPRODUCT(AK$4:AT$4,AK12:AT12) -> 9 | AK12: 9 | AL12: 9 | AM12: 9 | AN12: 9 | AO12: 9 | AU12: =SUMPRODUCT(AV$4:BE$4,AV12:BE12) -> 9 | AV12: 9 | AW12: 9 | AX12: 9 | AY12: 9 | AZ12: 9 | BF12: =SUMPRODUCT(BG$4:BP$4,BG12:BP12) -> 9 | BG12: 9 | BH12: 9 | BI12: 9 | BJ12: 9 | BK12: 9 | BQ12: =SUMPRODUCT(BR$4:CA$4,BR12:CA12) -> 4.5 | BR12: 5 | BS12: 6 | BT12: 3 | BU12: 4 | BV12: 5 | CB12: =SUMPRODUCT(CC$4:CL$4,CC12:CL12) -> 0 | CM12: =SUMPRODUCT(CN$4:CW$4,CN12:CW12) -> 0 | CX12: =SUMPRODUCT(CY$4:DH$4,CY12:DH12) -> 0 | DI12: =SUMPRODUCT(DJ$4:DS$4,DJ12:DS12) -> 0 | DT12: =SUMPRODUCT(DU$4:ED$4,DU12:ED12) -> 0 | EE12: =SUMPRODUCT(EF$4:EO$4,EF12:EO12) -> 0 | EP12: =SUMPRODUCT(EQ$4:EZ$4,EQ12:EZ12) -> 0 | FA12: =SUMPRODUCT(FB$4:FK$4,FB12:FK12) -> 0 | FL12: =SUMPRODUCT(FM$4:FV$4,FM12:FV12) -> 0 | FW12: =SUMPRODUCT(FX$4:GG$4,FX12:GG12) -> 0 | GH12: =SUMPRODUCT(GI$4:GR$4,GI12:GR12) -> 0 | GS12: =SUMPRODUCT(GT$4:HC$4,GT12:HC12) -> 0 | HD12: =SUMPRODUCT(HE$4:HN$4,HE12:HN12) -> 0 | HO12: =SUMPRODUCT(HP$4:HY$4,HP12:HY12) -> 0 | HZ12: =SUMPRODUCT(IA$4:IJ$4,IA12:IJ12) -> 0 | IK12: =SUMPRODUCT(IL$4:IU$4,IL12:IU12) -> 0 | IV12: =SUMPRODUCT(IW$4:JF$4,IW12:JF12) -> 0 | JG12: =SUMPRODUCT(JH$4:JQ$4,JH12:JQ12) -> 0 | JR12: =SUMPRODUCT(JS$4:KB$4,JS12:KB12) -> 0 | KC12: =SUMPRODUCT(KD$4:KM$4,KD12:KM12) -> 0 | KN12: =SUMPRODUCT(KO$4:KX$4,KO12:KX12) -> 0 | KY12: =SUMPRODUCT(KZ$4:LI$4,KZ12:LI12) -> 0 | LJ12: =SUMPRODUCT(LK$4:LT$4,LK12:LT12) -> 0 | LX12: =D166+O166+Z166+AK166+AV166+BG166+BR166+CC166+CN166+CY166+DJ166+DU166+EF166+EQ166+FB166+FM166+FX166+GI166+GT166+HE166+HP166+IA166+IL166+IW166+JH166+JS166+KD166+KO166+KZ166+LK166 -> 8.9625 | LY12: =E166+P166+AA166+AL166+AW166+BH166+BS166+CD166+CO166+CZ166+DK166+DV166+EG166+ER166+FC166+FN166+FY166+GJ166+GU166+HF166+HQ166+IB166+IM166+IX166+JI166+JT166+KE166+KP166+LA166+LL166 -> 8.8 | LZ12: =F166+Q166+AB166+AM166+AX166+BI166+BT166+CE166+CP166+DA166+DL166+DW166+EH166+ES166+FD166+FO166+FZ166+GK166+GV166+HG166+HR166+IC166+IN166+IY166+JJ166+JU166+KF166+KQ166+LB166+LM166 -> 8.25 | MA12: =G166+R166+AC166+AN166+AY166+BJ166+BU166+CF166+CQ166+DB166+DM166+DX166+EI166+ET166+FE166+FP166+GA166+GL166+GW166+HH166+HS166+ID166+IO166+IZ166+JK166+JV166+KG166+KR166+LC166+LN166 -> 6.8 | MB12: =H166+S166+AD166+AO166+AZ166+BK166+BV166+CG166+CR166+DC166+DN166+DY166+EJ166+EU166+FF166+FQ166+GB166+GM166+GX166+HI166+HT166+IE166+IP166+JA166+JL166+JW166+KH166+KS166+LD166+LO166 -> 0 | MC12: =I166+T166+AE166+AP166+BA166+BL166+BW166+CH166+CS166+DD166+DO166+DZ166+EK166+EV166+FG166+FR166+GC166+GN166+GY166+HJ166+HU166+IF166+IQ166+JB166+JM166+JX166+KI166+KT166+LE166+LP166 -> 0 | MD12: =J166+U166+AF166+AQ166+BB166+BM166+BX166+CI166+CT166+DE166+DP166+EA166+EL166+EW166+FH166+FS166+GD166+GO166+GZ166+HK166+HV166+IG166+IR166+JC166+JN166+JY166+KJ166+KU166+LF166+LQ166 -> 0 | ME12: =K166+V166+AG166+AR166+BC166+BN166+BY166+CJ166+CU166+DF166+DQ166+EB166+EM166+EX166+FI166+FT166+GE166+GP166+HA166+HL166+HW166+IH166+IS166+JD166+JO166+JZ166+KK166+KV166+LG166+LR166 -> 0 | ... MG12: =M166+X166+AI166+AT166+BE166+BP166+CA166+CL166+CW166+DH166+DS166+ED166+EO166+EZ166+FK166+FV166+GG166+GR166+HC166+HN166+HY166+IJ166+IU166+JF166+JQ166+KB166+KM166+KX166+LI166+LT166 -> 0
A13: 8 | B13: ='Datos Iniciales'!T16 -> Alumno8 | C13: =SUMPRODUCT(D$4:M$4,D13:M13) -> 9.65 | D13: 10 | E13: 9 | F13: 10 | G13: 9 | H13: 10 | I13: 10 | J13: 9 | N13: =SUMPRODUCT(O$4:X$4,O13:X13) -> 5 | O13: 5 | P13: 5 | Q13: 5 | R13: 5 | S13: 5 | Y13: =SUMPRODUCT(Z$4:AI$4,Z13:AI13) -> 5 | Z13: 5 | AA13: 5 | AB13: 5 | AC13: 5 | AD13: 5 | AJ13: =SUMPRODUCT(AK$4:AT$4,AK13:AT13) -> 5 | AK13: 5 | AL13: 5 | AM13: 5 | AN13: 5 | AO13: 5 | AU13: =SUMPRODUCT(AV$4:BE$4,AV13:BE13) -> 9.5 | AV13: 10 | AW13: 9 | AX13: 10 | AY13: 9 | AZ13: 10 | BF13: =SUMPRODUCT(BG$4:BP$4,BG13:BP13) -> 9.6 | BG13: 10 | BH13: 9 | BI13: 10 | BJ13: 9 | BK13: 10 | BQ13: =SUMPRODUCT(BR$4:CA$4,BR13:CA13) -> 6.8 | BR13: 6 | BS13: 7 | BT13: 8 | BU13: 9 | BV13: 5 | CB13: =SUMPRODUCT(CC$4:CL$4,CC13:CL13) -> 0 | CM13: =SUMPRODUCT(CN$4:CW$4,CN13:CW13) -> 0 | CX13: =SUMPRODUCT(CY$4:DH$4,CY13:DH13) -> 0 | DI13: =SUMPRODUCT(DJ$4:DS$4,DJ13:DS13) -> 0 | DT13: =SUMPRODUCT(DU$4:ED$4,DU13:ED13) -> 0 | EE13: =SUMPRODUCT(EF$4:EO$4,EF13:EO13) -> 0 | EP13: =SUMPRODUCT(EQ$4:EZ$4,EQ13:EZ13) -> 0 | FA13: =SUMPRODUCT(FB$4:FK$4,FB13:FK13) -> 0 | FL13: =SUMPRODUCT(FM$4:FV$4,FM13:FV13) -> 0 | FW13: =SUMPRODUCT(FX$4:GG$4,FX13:GG13) -> 0 | GH13: =SUMPRODUCT(GI$4:GR$4,GI13:GR13) -> 0 | GS13: =SUMPRODUCT(GT$4:HC$4,GT13:HC13) -> 0 | HD13: =SUMPRODUCT(HE$4:HN$4,HE13:HN13) -> 0 | HO13: =SUMPRODUCT(HP$4:HY$4,HP13:HY13) -> 0 | HZ13: =SUMPRODUCT(IA$4:IJ$4,IA13:IJ13) -> 0 | IK13: =SUMPRODUCT(IL$4:IU$4,IL13:IU13) -> 0 | IV13: =SUMPRODUCT(IW$4:JF$4,IW13:JF13) -> 0 | JG13: =SUMPRODUCT(JH$4:JQ$4,JH13:JQ13) -> 0 | JR13: =SUMPRODUCT(JS$4:KB$4,JS13:KB13) -> 0 | KC13: =SUMPRODUCT(KD$4:KM$4,KD13:KM13) -> 0 | KN13: =SUMPRODUCT(KO$4:KX$4,KO13:KX13) -> 0 | KY13: =SUMPRODUCT(KZ$4:LI$4,KZ13:LI13) -> 0 | LJ13: =SUMPRODUCT(LK$4:LT$4,LK13:LT13) -> 0 | LX13: =D167+O167+Z167+AK167+AV167+BG167+BR167+CC167+CN167+CY167+DJ167+DU167+EF167+EQ167+FB167+FM167+FX167+GI167+GT167+HE167+HP167+IA167+IL167+IW167+JH167+JS167+KD167+KO167+KZ167+LK167 -> 6.9125 | LY13: =E167+P167+AA167+AL167+AW167+BH167+BS167+CD167+CO167+CZ167+DK167+DV167+EG167+ER167+FC167+FN167+FY167+GJ167+GU167+HF167+HQ167+IB167+IM167+IX167+JI167+JT167+KE167+KP167+LA167+LL167 -> 6.05 | LZ13: =F167+Q167+AB167+AM167+AX167+BI167+BT167+CE167+CP167+DA167+DL167+DW167+EH167+ES167+FD167+FO167+FZ167+GK167+GV167+HG167+HR167+IC167+IN167+IY167+JJ167+JU167+KF167+KQ167+LB167+LM167 -> 7.22 | MA13: =G167+R167+AC167+AN167+AY167+BJ167+BU167+CF167+CQ167+DB167+DM167+DX167+EI167+ET167+FE167+FP167+GA167+GL167+GW167+HH167+HS167+ID167+IO167+IZ167+JK167+JV167+KG167+KR167+LC167+LN167 -> 8.14 | MB13: =H167+S167+AD167+AO167+AZ167+BK167+BV167+CG167+CR167+DC167+DN167+DY167+EJ167+EU167+FF167+FQ167+GB167+GM167+GX167+HI167+HT167+IE167+IP167+JA167+JL167+JW167+KH167+KS167+LD167+LO167 -> 0 | MC13: =I167+T167+AE167+AP167+BA167+BL167+BW167+CH167+CS167+DD167+DO167+DZ167+EK167+EV167+FG167+FR167+GC167+GN167+GY167+HJ167+HU167+IF167+IQ167+JB167+JM167+JX167+KI167+KT167+LE167+LP167 -> 0 | MD13: =J167+U167+AF167+AQ167+BB167+BM167+BX167+CI167+CT167+DE167+DP167+EA167+EL167+EW167+FH167+FS167+GD167+GO167+GZ167+HK167+HV167+IG167+IR167+JC167+JN167+JY167+KJ167+KU167+LF167+LQ167 -> 0 | ME13: =K167+V167+AG167+AR167+BC167+BN167+BY167+CJ167+CU167+DF167+DQ167+EB167+EM167+EX167+FI167+FT167+GE167+GP167+HA167+HL167+HW167+IH167+IS167+JD167+JO167+JZ167+KK167+KV167+LG167+LR167 -> 0 | ... MG13: =M167+X167+AI167+AT167+BE167+BP167+CA167+CL167+CW167+DH167+DS167+ED167+EO167+EZ167+FK167+FV167+GG167+GR167+HC167+HN167+HY167+IJ167+IU167+JF167+JQ167+KB167+KM167+KX167+LI167+LT167 -> 0
A14: 9 | B14: ='Datos Iniciales'!T17 -> Alumno9 | C14: =SUMPRODUCT(D$4:M$4,D14:M14) -> 6.4 | D14: 6 | E14: 7 | F14: 8 | G14: 9 | H14: 5 | I14: 4 | J14: 6 | N14: =SUMPRODUCT(O$4:X$4,O14:X14) -> 4.6 | O14: 5 | P14: 6 | Q14: 3 | R14: 4 | S14: 5 | Y14: =SUMPRODUCT(Z$4:AI$4,Z14:AI14) -> 4.6 | Z14: 5 | AA14: 6 | AB14: 3 | AC14: 4 | AD14: 5 | AJ14: =SUMPRODUCT(AK$4:AT$4,AK14:AT14) -> 4.6 | AK14: 5 | AL14: 6 | AM14: 3 | AN14: 4 | AO14: 5 | AU14: =SUMPRODUCT(AV$4:BE$4,AV14:BE14) -> 7.3 | AV14: 6 | AW14: 7 | AX14: 8 | AY14: 9 | AZ14: 5 | BF14: =SUMPRODUCT(BG$4:BP$4,BG14:BP14) -> 6.9 | BG14: 6 | BH14: 7 | BI14: 8 | BJ14: 9 | BK14: 5 | BQ14: =SUMPRODUCT(BR$4:CA$4,BR14:CA14) -> 5 | BR14: 5 | BS14: 5 | BT14: 5 | BU14: 5 | BV14: 5 | CB14: =SUMPRODUCT(CC$4:CL$4,CC14:CL14) -> 0 | CM14: =SUMPRODUCT(CN$4:CW$4,CN14:CW14) -> 0 | CX14: =SUMPRODUCT(CY$4:DH$4,CY14:DH14) -> 0 | DI14: =SUMPRODUCT(DJ$4:DS$4,DJ14:DS14) -> 0 | DT14: =SUMPRODUCT(DU$4:ED$4,DU14:ED14) -> 0 | EE14: =SUMPRODUCT(EF$4:EO$4,EF14:EO14) -> 0 | EP14: =SUMPRODUCT(EQ$4:EZ$4,EQ14:EZ14) -> 0 | FA14: =SUMPRODUCT(FB$4:FK$4,FB14:FK14) -> 0 | FL14: =SUMPRODUCT(FM$4:FV$4,FM14:FV14) -> 0 | FW14: =SUMPRODUCT(FX$4:GG$4,FX14:GG14) -> 0 | GH14: =SUMPRODUCT(GI$4:GR$4,GI14:GR14) -> 0 | GS14: =SUMPRODUCT(GT$4:HC$4,GT14:HC14) -> 0 | HD14: =SUMPRODUCT(HE$4:HN$4,HE14:HN14) -> 0 | HO14: =SUMPRODUCT(HP$4:HY$4,HP14:HY14) -> 0 | HZ14: =SUMPRODUCT(IA$4:IJ$4,IA14:IJ14) -> 0 | IK14: =SUMPRODUCT(IL$4:IU$4,IL14:IU14) -> 0 | IV14: =SUMPRODUCT(IW$4:JF$4,IW14:JF14) -> 0 | JG14: =SUMPRODUCT(JH$4:JQ$4,JH14:JQ14) -> 0 | JR14: =SUMPRODUCT(JS$4:KB$4,JS14:KB14) -> 0 | KC14: =SUMPRODUCT(KD$4:KM$4,KD14:KM14) -> 0 | KN14: =SUMPRODUCT(KO$4:KX$4,KO14:KX14) -> 0 | KY14: =SUMPRODUCT(KZ$4:LI$4,KZ14:LI14) -> 0 | LJ14: =SUMPRODUCT(LK$4:LT$4,LK14:LT14) -> 0 | LX14: =D168+O168+Z168+AK168+AV168+BG168+BR168+CC168+CN168+CY168+DJ168+DU168+EF168+EQ168+FB168+FM168+FX168+GI168+GT168+HE168+HP168+IA168+IL168+IW168+JH168+JS168+KD168+KO168+KZ168+LK168 -> 5.65 | LY14: =E168+P168+AA168+AL168+AW168+BH168+BS168+CD168+CO168+CZ168+DK168+DV168+EG168+ER168+FC168+FN168+FY168+GJ168+GU168+HF168+HQ168+IB168+IM168+IX168+JI168+JT168+KE168+KP168+LA168+LL168 -> 4.95 | LZ14: =F168+Q168+AB168+AM168+AX168+BI168+BT168+CE168+CP168+DA168+DL168+DW168+EH168+ES168+FD168+FO168+FZ168+GK168+GV168+HG168+HR168+IC168+IN168+IY168+JJ168+JU168+KF168+KQ168+LB168+LM168 -> 5.855 | MA14: =G168+R168+AC168+AN168+AY168+BJ168+BU168+CF168+CQ168+DB168+DM168+DX168+EI168+ET168+FE168+FP168+GA168+GL168+GW168+HH168+HS168+ID168+IO168+IZ168+JK168+JV168+KG168+KR168+LC168+LN168 -> 5.64 | MB14: =H168+S168+AD168+AO168+AZ168+BK168+BV168+CG168+CR168+DC168+DN168+DY168+EJ168+EU168+FF168+FQ168+GB168+GM168+GX168+HI168+HT168+IE168+IP168+JA168+JL168+JW168+KH168+KS168+LD168+LO168 -> 0 | MC14: =I168+T168+AE168+AP168+BA168+BL168+BW168+CH168+CS168+DD168+DO168+DZ168+EK168+EV168+FG168+FR168+GC168+GN168+GY168+HJ168+HU168+IF168+IQ168+JB168+JM168+JX168+KI168+KT168+LE168+LP168 -> 0 | MD14: =J168+U168+AF168+AQ168+BB168+BM168+BX168+CI168+CT168+DE168+DP168+EA168+EL168+EW168+FH168+FS168+GD168+GO168+GZ168+HK168+HV168+IG168+IR168+JC168+JN168+JY168+KJ168+KU168+LF168+LQ168 -> 0 | ME14: =K168+V168+AG168+AR168+BC168+BN168+BY168+CJ168+CU168+DF168+DQ168+EB168+EM168+EX168+FI168+FT168+GE168+GP168+HA168+HL168+HW168+IH168+IS168+JD168+JO168+JZ168+KK168+KV168+LG168+LR168 -> 0 | ... MG14: =M168+X168+AI168+AT168+BE168+BP168+CA168+CL168+CW168+DH168+DS168+ED168+EO168+EZ168+FK168+FV168+GG168+GR168+HC168+HN168+HY168+IJ168+IU168+JF168+JQ168+KB168+KM168+KX168+LI168+LT168 -> 0
A15: 10 | B15: ='Datos Iniciales'!T18 -> Alumno10 | C15: =SUMPRODUCT(D$4:M$4,D15:M15) -> 5 | D15: 5 | E15: 6 | F15: 3 | G15: 4 | H15: 5 | I15: 6 | J15: 7 | N15: =SUMPRODUCT(O$4:X$4,O15:X15) -> 5 | O15: 5 | P15: 5 | Q15: 5 | R15: 5 | S15: 5 | Y15: =SUMPRODUCT(Z$4:AI$4,Z15:AI15) -> 5 | Z15: 5 | AA15: 5 | AB15: 5 | AC15: 5 | AD15: 5 | AJ15: =SUMPRODUCT(AK$4:AT$4,AK15:AT15) -> 5 | AK15: 5 | AL15: 5 | AM15: 5 | AN15: 5 | AO15: 5 | AU15: =SUMPRODUCT(AV$4:BE$4,AV15:BE15) -> 4.5 | AV15: 5 | AW15: 6 | AX15: 3 | AY15: 4 | AZ15: 5 | BF15: =SUMPRODUCT(BG$4:BP$4,BG15:BP15) -> 4.6 | BG15: 5 | BH15: 6 | BI15: 3 | BJ15: 4 | BK15: 5 | BQ15: =SUMPRODUCT(BR$4:CA$4,BR15:CA15) -> 4.5 | BR15: 5 | BS15: 6 | BT15: 3 | BU15: 4 | BV15: 5 | CB15: =SUMPRODUCT(CC$4:CL$4,CC15:CL15) -> 0 | CM15: =SUMPRODUCT(CN$4:CW$4,CN15:CW15) -> 0 | CX15: =SUMPRODUCT(CY$4:DH$4,CY15:DH15) -> 0 | DI15: =SUMPRODUCT(DJ$4:DS$4,DJ15:DS15) -> 0 | DT15: =SUMPRODUCT(DU$4:ED$4,DU15:ED15) -> 0 | EE15: =SUMPRODUCT(EF$4:EO$4,EF15:EO15) -> 0 | EP15: =SUMPRODUCT(EQ$4:EZ$4,EQ15:EZ15) -> 0 | FA15: =SUMPRODUCT(FB$4:FK$4,FB15:FK15) -> 0 | FL15: =SUMPRODUCT(FM$4:FV$4,FM15:FV15) -> 0 | FW15: =SUMPRODUCT(FX$4:GG$4,FX15:GG15) -> 0 | GH15: =SUMPRODUCT(GI$4:GR$4,GI15:GR15) -> 0 | GS15: =SUMPRODUCT(GT$4:HC$4,GT15:HC15) -> 0 | HD15: =SUMPRODUCT(HE$4:HN$4,HE15:HN15) -> 0 | HO15: =SUMPRODUCT(HP$4:HY$4,HP15:HY15) -> 0 | HZ15: =SUMPRODUCT(IA$4:IJ$4,IA15:IJ15) -> 0 | IK15: =SUMPRODUCT(IL$4:IU$4,IL15:IU15) -> 0 | IV15: =SUMPRODUCT(IW$4:JF$4,IW15:JF15) -> 0 | JG15: =SUMPRODUCT(JH$4:JQ$4,JH15:JQ15) -> 0 | JR15: =SUMPRODUCT(JS$4:KB$4,JS15:KB15) -> 0 | KC15: =SUMPRODUCT(KD$4:KM$4,KD15:KM15) -> 0 | KN15: =SUMPRODUCT(KO$4:KX$4,KO15:KX15) -> 0 | KY15: =SUMPRODUCT(KZ$4:LI$4,KZ15:LI15) -> 0 | LJ15: =SUMPRODUCT(LK$4:LT$4,LK15:LT15) -> 0 | LX15: =D169+O169+Z169+AK169+AV169+BG169+BR169+CC169+CN169+CY169+DJ169+DU169+EF169+EQ169+FB169+FM169+FX169+GI169+GT169+HE169+HP169+IA169+IL169+IW169+JH169+JS169+KD169+KO169+KZ169+LK169 -> 5 | LY15: =E169+P169+AA169+AL169+AW169+BH169+BS169+CD169+CO169+CZ169+DK169+DV169+EG169+ER169+FC169+FN169+FY169+GJ169+GU169+HF169+HQ169+IB169+IM169+IX169+JI169+JT169+KE169+KP169+LA169+LL169 -> 5.25 | LZ15: =F169+Q169+AB169+AM169+AX169+BI169+BT169+CE169+CP169+DA169+DL169+DW169+EH169+ES169+FD169+FO169+FZ169+GK169+GV169+HG169+HR169+IC169+IN169+IY169+JJ169+JU169+KF169+KQ169+LB169+LM169 -> 4.23 | MA15: =G169+R169+AC169+AN169+AY169+BJ169+BU169+CF169+CQ169+DB169+DM169+DX169+EI169+ET169+FE169+FP169+GA169+GL169+GW169+HH169+HS169+ID169+IO169+IZ169+JK169+JV169+KG169+KR169+LC169+LN169 -> 4.64 | MB15: =H169+S169+AD169+AO169+AZ169+BK169+BV169+CG169+CR169+DC169+DN169+DY169+EJ169+EU169+FF169+FQ169+GB169+GM169+GX169+HI169+HT169+IE169+IP169+JA169+JL169+JW169+KH169+KS169+LD169+LO169 -> 0 | MC15: =I169+T169+AE169+AP169+BA169+BL169+BW169+CH169+CS169+DD169+DO169+DZ169+EK169+EV169+FG169+FR169+GC169+GN169+GY169+HJ169+HU169+IF169+IQ169+JB169+JM169+JX169+KI169+KT169+LE169+LP169 -> 0 | MD15: =J169+U169+AF169+AQ169+BB169+BM169+BX169+CI169+CT169+DE169+DP169+EA169+EL169+EW169+FH169+FS169+GD169+GO169+GZ169+HK169+HV169+IG169+IR169+JC169+JN169+JY169+KJ169+KU169+LF169+LQ169 -> 0 | ME15: =K169+V169+AG169+AR169+BC169+BN169+BY169+CJ169+CU169+DF169+DQ169+EB169+EM169+EX169+FI169+FT169+GE169+GP169+HA169+HL169+HW169+IH169+IS169+JD169+JO169+JZ169+KK169+KV169+LG169+LR169 -> 0 | ... MG15: =M169+X169+AI169+AT169+BE169+BP169+CA169+CL169+CW169+DH169+DS169+ED169+EO169+EZ169+FK169+FV169+GG169+GR169+HC169+HN169+HY169+IJ169+IU169+JF169+JQ169+KB169+KM169+KX169+LI169+LT169 -> 0
A16: 11 | B16: ='Datos Iniciales'!T19 -> Alumno11 | C16: =SUMPRODUCT(D$4:M$4,D16:M16) -> 6.9 | D16: 8 | E16: 5 | F16: 7 | G16: 4 | H16: 9 | I16: 8 | J16: 6 | N16: =SUMPRODUCT(O$4:X$4,O16:X16) -> 6.6 | O16: 8 | P16: 5 | Q16: 7 | R16: 4 | S16: 9 | Y16: =SUMPRODUCT(Z$4:AI$4,Z16:AI16) -> 9 | Z16: 9 | AA16: 9 | AB16: 9 | AC16: 9 | AD16: 9 | AJ16: =SUMPRODUCT(AK$4:AT$4,AK16:AT16) -> 9 | AK16: 9 | AL16: 9 | AM16: 9 | AN16: 9 | AO16: 9 | AU16: =SUMPRODUCT(AV$4:BE$4,AV16:BE16) -> 6.2 | AV16: 8 | AW16: 5 | AX16: 7 | AY16: 4 | AZ16: 9 | BF16: =SUMPRODUCT(BG$4:BP$4,BG16:BP16) -> 6.7 | BG16: 8 | BH16: 5 | BI16: 7 | BJ16: 4 | BK16: 9 | BQ16: =SUMPRODUCT(BR$4:CA$4,BR16:CA16) -> 5 | BR16: 5 | BS16: 5 | BT16: 5 | BU16: 5 | BV16: 5 | CB16: =SUMPRODUCT(CC$4:CL$4,CC16:CL16) -> 0 | CM16: =SUMPRODUCT(CN$4:CW$4,CN16:CW16) -> 0 | CX16: =SUMPRODUCT(CY$4:DH$4,CY16:DH16) -> 0 | DI16: =SUMPRODUCT(DJ$4:DS$4,DJ16:DS16) -> 0 | DT16: =SUMPRODUCT(DU$4:ED$4,DU16:ED16) -> 0 | EE16: =SUMPRODUCT(EF$4:EO$4,EF16:EO16) -> 0 | EP16: =SUMPRODUCT(EQ$4:EZ$4,EQ16:EZ16) -> 0 | FA16: =SUMPRODUCT(FB$4:FK$4,FB16:FK16) -> 0 | FL16: =SUMPRODUCT(FM$4:FV$4,FM16:FV16) -> 0 | FW16: =SUMPRODUCT(FX$4:GG$4,FX16:GG16) -> 0 | GH16: =SUMPRODUCT(GI$4:GR$4,GI16:GR16) -> 0 | GS16: =SUMPRODUCT(GT$4:HC$4,GT16:HC16) -> 0 | HD16: =SUMPRODUCT(HE$4:HN$4,HE16:HN16) -> 0 | HO16: =SUMPRODUCT(HP$4:HY$4,HP16:HY16) -> 0 | HZ16: =SUMPRODUCT(IA$4:IJ$4,IA16:IJ16) -> 0 | IK16: =SUMPRODUCT(IL$4:IU$4,IL16:IU16) -> 0 | IV16: =SUMPRODUCT(IW$4:JF$4,IW16:JF16) -> 0 | JG16: =SUMPRODUCT(JH$4:JQ$4,JH16:JQ16) -> 0 | JR16: =SUMPRODUCT(JS$4:KB$4,JS16:KB16) -> 0 | KC16: =SUMPRODUCT(KD$4:KM$4,KD16:KM16) -> 0 | KN16: =SUMPRODUCT(KO$4:KX$4,KO16:KX16) -> 0 | KY16: =SUMPRODUCT(KZ$4:LI$4,KZ16:LI16) -> 0 | LJ16: =SUMPRODUCT(LK$4:LT$4,LK16:LT16) -> 0 | LX16: =D170+O170+Z170+AK170+AV170+BG170+BR170+CC170+CN170+CY170+DJ170+DU170+EF170+EQ170+FB170+FM170+FX170+GI170+GT170+HE170+HP170+IA170+IL170+IW170+JH170+JS170+KD170+KO170+KZ170+LK170 -> 7.825 | LY16: =E170+P170+AA170+AL170+AW170+BH170+BS170+CD170+CO170+CZ170+DK170+DV170+EG170+ER170+FC170+FN170+FY170+GJ170+GU170+HF170+HQ170+IB170+IM170+IX170+JI170+JT170+KE170+KP170+LA170+LL170 -> 7.4 | LZ16: =F170+Q170+AB170+AM170+AX170+BI170+BT170+CE170+CP170+DA170+DL170+DW170+EH170+ES170+FD170+FO170+FZ170+GK170+GV170+HG170+HR170+IC170+IN170+IY170+JJ170+JU170+KF170+KQ170+LB170+LM170 -> 7.06 | MA16: =G170+R170+AC170+AN170+AY170+BJ170+BU170+CF170+CQ170+DB170+DM170+DX170+EI170+ET170+FE170+FP170+GA170+GL170+GW170+HH170+HS170+ID170+IO170+IZ170+JK170+JV170+KG170+KR170+LC170+LN170 -> 6.2 | MB16: =H170+S170+AD170+AO170+AZ170+BK170+BV170+CG170+CR170+DC170+DN170+DY170+EJ170+EU170+FF170+FQ170+GB170+GM170+GX170+HI170+HT170+IE170+IP170+JA170+JL170+JW170+KH170+KS170+LD170+LO170 -> 0 | MC16: =I170+T170+AE170+AP170+BA170+BL170+BW170+CH170+CS170+DD170+DO170+DZ170+EK170+EV170+FG170+FR170+GC170+GN170+GY170+HJ170+HU170+IF170+IQ170+JB170+JM170+JX170+KI170+KT170+LE170+LP170 -> 0 | MD16: =J170+U170+AF170+AQ170+BB170+BM170+BX170+CI170+CT170+DE170+DP170+EA170+EL170+EW170+FH170+FS170+GD170+GO170+GZ170+HK170+HV170+IG170+IR170+JC170+JN170+JY170+KJ170+KU170+LF170+LQ170 -> 0 | ME16: =K170+V170+AG170+AR170+BC170+BN170+BY170+CJ170+CU170+DF170+DQ170+EB170+EM170+EX170+FI170+FT170+GE170+GP170+HA170+HL170+HW170+IH170+IS170+JD170+JO170+JZ170+KK170+KV170+LG170+LR170 -> 0 | ... MG16: =M170+X170+AI170+AT170+BE170+BP170+CA170+CL170+CW170+DH170+DS170+ED170+EO170+EZ170+FK170+FV170+GG170+GR170+HC170+HN170+HY170+IJ170+IU170+JF170+JQ170+KB170+KM170+KX170+LI170+LT170 -> 0
A17: 12 | B17: ='Datos Iniciales'!T20 -> Alumno12 | C17: =SUMPRODUCT(D$4:M$4,D17:M17) -> 5 | D17: 5 | E17: 5 | F17: 5 | G17: 5 | H17: 5 | I17: 5 | J17: 5 | N17: =SUMPRODUCT(O$4:X$4,O17:X17) -> 5 | O17: 5 | P17: 5 | Q17: 5 | R17: 5 | S17: 5 | Y17: =SUMPRODUCT(Z$4:AI$4,Z17:AI17) -> 5 | Z17: 5 | AA17: 5 | AB17: 5 | AC17: 5 | AD17: 5 | AJ17: =SUMPRODUCT(AK$4:AT$4,AK17:AT17) -> 5 | AK17: 5 | AL17: 5 | AM17: 5 | AN17: 5 | AO17: 5 | AU17: =SUMPRODUCT(AV$4:BE$4,AV17:BE17) -> 5 | AV17: 5 | AW17: 5 | AX17: 5 | AY17: 5 | AZ17: 5 | BF17: =SUMPRODUCT(BG$4:BP$4,BG17:BP17) -> 5 | BG17: 5 | BH17: 5 | BI17: 5 | BJ17: 5 | BK17: 5 | BQ17: =SUMPRODUCT(BR$4:CA$4,BR17:CA17) -> 9 | BR17: 9 | BS17: 9 | BT17: 9 | BU17: 9 | BV17: 9 | CB17: =SUMPRODUCT(CC$4:CL$4,CC17:CL17) -> 0 | CM17: =SUMPRODUCT(CN$4:CW$4,CN17:CW17) -> 0 | CX17: =SUMPRODUCT(CY$4:DH$4,CY17:DH17) -> 0 | DI17: =SUMPRODUCT(DJ$4:DS$4,DJ17:DS17) -> 0 | DT17: =SUMPRODUCT(DU$4:ED$4,DU17:ED17) -> 0 | EE17: =SUMPRODUCT(EF$4:EO$4,EF17:EO17) -> 0 | EP17: =SUMPRODUCT(EQ$4:EZ$4,EQ17:EZ17) -> 0 | FA17: =SUMPRODUCT(FB$4:FK$4,FB17:FK17) -> 0 | FL17: =SUMPRODUCT(FM$4:FV$4,FM17:FV17) -> 0 | FW17: =SUMPRODUCT(FX$4:GG$4,FX17:GG17) -> 0 | GH17: =SUMPRODUCT(GI$4:GR$4,GI17:GR17) -> 0 | GS17: =SUMPRODUCT(GT$4:HC$4,GT17:HC17) -> 0 | HD17: =SUMPRODUCT(HE$4:HN$4,HE17:HN17) -> 0 | HO17: =SUMPRODUCT(HP$4:HY$4,HP17:HY17) -> 0 | HZ17: =SUMPRODUCT(IA$4:IJ$4,IA17:IJ17) -> 0 | IK17: =SUMPRODUCT(IL$4:IU$4,IL17:IU17) -> 0 | IV17: =SUMPRODUCT(IW$4:JF$4,IW17:JF17) -> 0 | JG17: =SUMPRODUCT(JH$4:JQ$4,JH17:JQ17) -> 0 | JR17: =SUMPRODUCT(JS$4:KB$4,JS17:KB17) -> 0 | KC17: =SUMPRODUCT(KD$4:KM$4,KD17:KM17) -> 0 | KN17: =SUMPRODUCT(KO$4:KX$4,KO17:KX17) -> 0 | KY17: =SUMPRODUCT(KZ$4:LI$4,KZ17:LI17) -> 0 | LJ17: =SUMPRODUCT(LK$4:LT$4,LK17:LT17) -> 0 | LX17: =D171+O171+Z171+AK171+AV171+BG171+BR171+CC171+CN171+CY171+DJ171+DU171+EF171+EQ171+FB171+FM171+FX171+GI171+GT171+HE171+HP171+IA171+IL171+IW171+JH171+JS171+KD171+KO171+KZ171+LK171 -> 5 | LY17: =E171+P171+AA171+AL171+AW171+BH171+BS171+CD171+CO171+CZ171+DK171+DV171+EG171+ER171+FC171+FN171+FY171+GJ171+GU171+HF171+HQ171+IB171+IM171+IX171+JI171+JT171+KE171+KP171+LA171+LL171 -> 5.2 | LZ17: =F171+Q171+AB171+AM171+AX171+BI171+BT171+CE171+CP171+DA171+DL171+DW171+EH171+ES171+FD171+FO171+FZ171+GK171+GV171+HG171+HR171+IC171+IN171+IY171+JJ171+JU171+KF171+KQ171+LB171+LM171 -> 5.6 | MA17: =G171+R171+AC171+AN171+AY171+BJ171+BU171+CF171+CQ171+DB171+DM171+DX171+EI171+ET171+FE171+FP171+GA171+GL171+GW171+HH171+HS171+ID171+IO171+IZ171+JK171+JV171+KG171+KR171+LC171+LN171 -> 7 | MB17: =H171+S171+AD171+AO171+AZ171+BK171+BV171+CG171+CR171+DC171+DN171+DY171+EJ171+EU171+FF171+FQ171+GB171+GM171+GX171+HI171+HT171+IE171+IP171+JA171+JL171+JW171+KH171+KS171+LD171+LO171 -> 0 | MC17: =I171+T171+AE171+AP171+BA171+BL171+BW171+CH171+CS171+DD171+DO171+DZ171+EK171+EV171+FG171+FR171+GC171+GN171+GY171+HJ171+HU171+IF171+IQ171+JB171+JM171+JX171+KI171+KT171+LE171+LP171 -> 0 | MD17: =J171+U171+AF171+AQ171+BB171+BM171+BX171+CI171+CT171+DE171+DP171+EA171+EL171+EW171+FH171+FS171+GD171+GO171+GZ171+HK171+HV171+IG171+IR171+JC171+JN171+JY171+KJ171+KU171+LF171+LQ171 -> 0 | ME17: =K171+V171+AG171+AR171+BC171+BN171+BY171+CJ171+CU171+DF171+DQ171+EB171+EM171+EX171+FI171+FT171+GE171+GP171+HA171+HL171+HW171+IH171+IS171+JD171+JO171+JZ171+KK171+KV171+LG171+LR171 -> 0 | ... MG17: =M171+X171+AI171+AT171+BE171+BP171+CA171+CL171+CW171+DH171+DS171+ED171+EO171+EZ171+FK171+FV171+GG171+GR171+HC171+HN171+HY171+IJ171+IU171+JF171+JQ171+KB171+KM171+KX171+LI171+LT171 -> 0
... A35: 30 | B35: ='Datos Iniciales'!T38 -> Alumno30 | C35: =SUMPRODUCT(D$4:M$4,D35:M35) -> 5 | D35: 5 | E35: 5 | F35: 5 | G35: 5 | H35: 5 | I35: 5 | J35: 5 | N35: =SUMPRODUCT(O$4:X$4,O35:X35) -> 5 | O35: 5 | P35: 5 | Q35: 5 | R35: 5 | S35: 5 | Y35: =SUMPRODUCT(Z$4:AI$4,Z35:AI35) -> 9 | Z35: 9 | AA35: 9 | AB35: 9 | AC35: 9 | AD35: 9 | AJ35: =SUMPRODUCT(AK$4:AT$4,AK35:AT35) -> 9 | AK35: 9 | AL35: 9 | AM35: 9 | AN35: 9 | AO35: 9 | AU35: =SUMPRODUCT(AV$4:BE$4,AV35:BE35) -> 5 | AV35: 5 | AW35: 5 | AX35: 5 | AY35: 5 | AZ35: 5 | BF35: =SUMPRODUCT(BG$4:BP$4,BG35:BP35) -> 5 | BG35: 5 | BH35: 5 | BI35: 5 | BJ35: 5 | BK35: 5 | BQ35: =SUMPRODUCT(BR$4:CA$4,BR35:CA35) -> 5 | BR35: 6 | BS35: 7 | BT35: 4 | BU35: 4 | BV35: 5 | CB35: =SUMPRODUCT(CC$4:CL$4,CC35:CL35) -> 0 | CM35: =SUMPRODUCT(CN$4:CW$4,CN35:CW35) -> 0 | CX35: =SUMPRODUCT(CY$4:DH$4,CY35:DH35) -> 0 | DI35: =SUMPRODUCT(DJ$4:DS$4,DJ35:DS35) -> 0 | DT35: =SUMPRODUCT(DU$4:ED$4,DU35:ED35) -> 0 | EE35: =SUMPRODUCT(EF$4:EO$4,EF35:EO35) -> 0 | EP35: =SUMPRODUCT(EQ$4:EZ$4,EQ35:EZ35) -> 0 | FA35: =SUMPRODUCT(FB$4:FK$4,FB35:FK35) -> 0 | FL35: =SUMPRODUCT(FM$4:FV$4,FM35:FV35) -> 0 | FW35: =SUMPRODUCT(FX$4:GG$4,FX35:GG35) -> 0 | GH35: =SUMPRODUCT(GI$4:GR$4,GI35:GR35) -> 0 | GS35: =SUMPRODUCT(GT$4:HC$4,GT35:HC35) -> 0 | HD35: =SUMPRODUCT(HE$4:HN$4,HE35:HN35) -> 0 | HO35: =SUMPRODUCT(HP$4:HY$4,HP35:HY35) -> 0 | HZ35: =SUMPRODUCT(IA$4:IJ$4,IA35:IJ35) -> 0 | IK35: =SUMPRODUCT(IL$4:IU$4,IL35:IU35) -> 0 | IV35: =SUMPRODUCT(IW$4:JF$4,IW35:JF35) -> 0 | JG35: =SUMPRODUCT(JH$4:JQ$4,JH35:JQ35) -> 0 | JR35: =SUMPRODUCT(JS$4:KB$4,JS35:KB35) -> 0 | KC35: =SUMPRODUCT(KD$4:KM$4,KD35:KM35) -> 0 | KN35: =SUMPRODUCT(KO$4:KX$4,KO35:KX35) -> 0 | KY35: =SUMPRODUCT(KZ$4:LI$4,KZ35:LI35) -> 0 | LJ35: =SUMPRODUCT(LK$4:LT$4,LK35:LT35) -> 0 | LX35: =D189+O189+Z189+AK189+AV189+BG189+BR189+CC189+CN189+CY189+DJ189+DU189+EF189+EQ189+FB189+FM189+FX189+GI189+GT189+HE189+HP189+IA189+IL189+IW189+JH189+JS189+KD189+KO189+KZ189+LK189 -> 6.6 | LY35: =E189+P189+AA189+AL189+AW189+BH189+BS189+CD189+CO189+CZ189+DK189+DV189+EG189+ER189+FC189+FN189+FY189+GJ189+GU189+HF189+HQ189+IB189+IM189+IX189+JI189+JT189+KE189+KP189+LA189+LL189 -> 7.05 | LZ35: =F189+Q189+AB189+AM189+AX189+BI189+BT189+CE189+CP189+DA189+DL189+DW189+EH189+ES189+FD189+FO189+FZ189+GK189+GV189+HG189+HR189+IC189+IN189+IY189+JJ189+JU189+KF189+KQ189+LB189+LM189 -> 6.8 | MA35: =G189+R189+AC189+AN189+AY189+BJ189+BU189+CF189+CQ189+DB189+DM189+DX189+EI189+ET189+FE189+FP189+GA189+GL189+GW189+HH189+HS189+ID189+IO189+IZ189+JK189+JV189+KG189+KR189+LC189+LN189 -> 4.8 | MB35: =H189+S189+AD189+AO189+AZ189+BK189+BV189+CG189+CR189+DC189+DN189+DY189+EJ189+EU189+FF189+FQ189+GB189+GM189+GX189+HI189+HT189+IE189+IP189+JA189+JL189+JW189+KH189+KS189+LD189+LO189 -> 0 | MC35: =I189+T189+AE189+AP189+BA189+BL189+BW189+CH189+CS189+DD189+DO189+DZ189+EK189+EV189+FG189+FR189+GC189+GN189+GY189+HJ189+HU189+IF189+IQ189+JB189+JM189+JX189+KI189+KT189+LE189+LP189 -> 0 | MD35: =J189+U189+AF189+AQ189+BB189+BM189+BX189+CI189+CT189+DE189+DP189+EA189+EL189+EW189+FH189+FS189+GD189+GO189+GZ189+HK189+HV189+IG189+IR189+JC189+JN189+JY189+KJ189+KU189+LF189+LQ189 -> 0 | ME35: =K189+V189+AG189+AR189+BC189+BN189+BY189+CJ189+CU189+DF189+DQ189+EB189+EM189+EX189+FI189+FT189+GE189+GP189+HA189+HL189+HW189+IH189+IS189+JD189+JO189+JZ189+KK189+KV189+LG189+LR189 -> 0 | ... MG35: =M189+X189+AI189+AT189+BE189+BP189+CA189+CL189+CW189+DH189+DS189+ED189+EO189+EZ189+FK189+FV189+GG189+GR189+HC189+HN189+HY189+IJ189+IU189+JF189+JQ189+KB189+KM189+KX189+LI189+LT189 -> 0
A36: 31 | B36: ='Datos Iniciales'!T39 -> Alumno31 | LX36: =D190+O190+Z190+AK190+AV190+BG190+BR190+CC190+CN190+CY190+DJ190+DU190+EF190+EQ190+FB190+FM190+FX190+GI190+GT190+HE190+HP190+IA190+IL190+IW190+JH190+JS190+KD190+KO190+KZ190+LK190 -> 0 | LY36: =E190+P190+AA190+AL190+AW190+BH190+BS190+CD190+CO190+CZ190+DK190+DV190+EG190+ER190+FC190+FN190+FY190+GJ190+GU190+HF190+HQ190+IB190+IM190+IX190+JI190+JT190+KE190+KP190+LA190+LL190 -> 0 | LZ36: =F190+Q190+AB190+AM190+AX190+BI190+BT190+CE190+CP190+DA190+DL190+DW190+EH190+ES190+FD190+FO190+FZ190+GK190+GV190+HG190+HR190+IC190+IN190+IY190+JJ190+JU190+KF190+KQ190+LB190+LM190 -> 0 | MA36: =G190+R190+AC190+AN190+AY190+BJ190+BU190+CF190+CQ190+DB190+DM190+DX190+EI190+ET190+FE190+FP190+GA190+GL190+GW190+HH190+HS190+ID190+IO190+IZ190+JK190+JV190+KG190+KR190+LC190+LN190 -> 0 | MB36: =H190+S190+AD190+AO190+AZ190+BK190+BV190+CG190+CR190+DC190+DN190+DY190+EJ190+EU190+FF190+FQ190+GB190+GM190+GX190+HI190+HT190+IE190+IP190+JA190+JL190+JW190+KH190+KS190+LD190+LO190 -> 0 | MC36: =I190+T190+AE190+AP190+BA190+BL190+BW190+CH190+CS190+DD190+DO190+DZ190+EK190+EV190+FG190+FR190+GC190+GN190+GY190+HJ190+HU190+IF190+IQ190+JB190+JM190+JX190+KI190+KT190+LE190+LP190 -> 0 | MD36: =J190+U190+AF190+AQ190+BB190+BM190+BX190+CI190+CT190+DE190+DP190+EA190+EL190+EW190+FH190+FS190+GD190+GO190+GZ190+HK190+HV190+IG190+IR190+JC190+JN190+JY190+KJ190+KU190+LF190+LQ190 -> 0 | ME36: =K190+V190+AG190+AR190+BC190+BN190+BY190+CJ190+CU190+DF190+DQ190+EB190+EM190+EX190+FI190+FT190+GE190+GP190+HA190+HL190+HW190+IH190+IS190+JD190+JO190+JZ190+KK190+KV190+LG190+LR190 -> 0 | ... MG36: =M190+X190+AI190+AT190+BE190+BP190+CA190+CL190+CW190+DH190+DS190+ED190+EO190+EZ190+FK190+FV190+GG190+GR190+HC190+HN190+HY190+IJ190+IU190+JF190+JQ190+KB190+KM190+KX190+LI190+LT190 -> 0
A37: 32 | B37: ='Datos Iniciales'!T40 -> Alumno32 | LX37: =D191+O191+Z191+AK191+AV191+BG191+BR191+CC191+CN191+CY191+DJ191+DU191+EF191+EQ191+FB191+FM191+FX191+GI191+GT191+HE191+HP191+IA191+IL191+IW191+JH191+JS191+KD191+KO191+KZ191+LK191 -> 0 | LY37: =E191+P191+AA191+AL191+AW191+BH191+BS191+CD191+CO191+CZ191+DK191+DV191+EG191+ER191+FC191+FN191+FY191+GJ191+GU191+HF191+HQ191+IB191+IM191+IX191+JI191+JT191+KE191+KP191+LA191+LL191 -> 0 | LZ37: =F191+Q191+AB191+AM191+AX191+BI191+BT191+CE191+CP191+DA191+DL191+DW191+EH191+ES191+FD191+FO191+FZ191+GK191+GV191+HG191+HR191+IC191+IN191+IY191+JJ191+JU191+KF191+KQ191+LB191+LM191 -> 0 | MA37: =G191+R191+AC191+AN191+AY191+BJ191+BU191+CF191+CQ191+DB191+DM191+DX191+EI191+ET191+FE191+FP191+GA191+GL191+GW191+HH191+HS191+ID191+IO191+IZ191+JK191+JV191+KG191+KR191+LC191+LN191 -> 0 | MB37: =H191+S191+AD191+AO191+AZ191+BK191+BV191+CG191+CR191+DC191+DN191+DY191+EJ191+EU191+FF191+FQ191+GB191+GM191+GX191+HI191+HT191+IE191+IP191+JA191+JL191+JW191+KH191+KS191+LD191+LO191 -> 0 | MC37: =I191+T191+AE191+AP191+BA191+BL191+BW191+CH191+CS191+DD191+DO191+DZ191+EK191+EV191+FG191+FR191+GC191+GN191+GY191+HJ191+HU191+IF191+IQ191+JB191+JM191+JX191+KI191+KT191+LE191+LP191 -> 0 | MD37: =J191+U191+AF191+AQ191+BB191+BM191+BX191+CI191+CT191+DE191+DP191+EA191+EL191+EW191+FH191+FS191+GD191+GO191+GZ191+HK191+HV191+IG191+IR191+JC191+JN191+JY191+KJ191+KU191+LF191+LQ191 -> 0 | ME37: =K191+V191+AG191+AR191+BC191+BN191+BY191+CJ191+CU191+DF191+DQ191+EB191+EM191+EX191+FI191+FT191+GE191+GP191+HA191+HL191+HW191+IH191+IS191+JD191+JO191+JZ191+KK191+KV191+LG191+LR191 -> 0 | ... MG37: =M191+X191+AI191+AT191+BE191+BP191+CA191+CL191+CW191+DH191+DS191+ED191+EO191+EZ191+FK191+FV191+GG191+GR191+HC191+HN191+HY191+IJ191+IU191+JF191+JQ191+KB191+KM191+KX191+LI191+LT191 -> 0
A38: 33 | B38: ='Datos Iniciales'!T41 -> Alumno33 | LX38: =D192+O192+Z192+AK192+AV192+BG192+BR192+CC192+CN192+CY192+DJ192+DU192+EF192+EQ192+FB192+FM192+FX192+GI192+GT192+HE192+HP192+IA192+IL192+IW192+JH192+JS192+KD192+KO192+KZ192+LK192 -> 0 | LY38: =E192+P192+AA192+AL192+AW192+BH192+BS192+CD192+CO192+CZ192+DK192+DV192+EG192+ER192+FC192+FN192+FY192+GJ192+GU192+HF192+HQ192+IB192+IM192+IX192+JI192+JT192+KE192+KP192+LA192+LL192 -> 0 | LZ38: =F192+Q192+AB192+AM192+AX192+BI192+BT192+CE192+CP192+DA192+DL192+DW192+EH192+ES192+FD192+FO192+FZ192+GK192+GV192+HG192+HR192+IC192+IN192+IY192+JJ192+JU192+KF192+KQ192+LB192+LM192 -> 0 | MA38: =G192+R192+AC192+AN192+AY192+BJ192+BU192+CF192+CQ192+DB192+DM192+DX192+EI192+ET192+FE192+FP192+GA192+GL192+GW192+HH192+HS192+ID192+IO192+IZ192+JK192+JV192+KG192+KR192+LC192+LN192 -> 0 | MB38: =H192+S192+AD192+AO192+AZ192+BK192+BV192+CG192+CR192+DC192+DN192+DY192+EJ192+EU192+FF192+FQ192+GB192+GM192+GX192+HI192+HT192+IE192+IP192+JA192+JL192+JW192+KH192+KS192+LD192+LO192 -> 0 | MC38: =I192+T192+AE192+AP192+BA192+BL192+BW192+CH192+CS192+DD192+DO192+DZ192+EK192+EV192+FG192+FR192+GC192+GN192+GY192+HJ192+HU192+IF192+IQ192+JB192+JM192+JX192+KI192+KT192+LE192+LP192 -> 0 | MD38: =J192+U192+AF192+AQ192+BB192+BM192+BX192+CI192+CT192+DE192+DP192+EA192+EL192+EW192+FH192+FS192+GD192+GO192+GZ192+HK192+HV192+IG192+IR192+JC192+JN192+JY192+KJ192+KU192+LF192+LQ192 -> 0 | ME38: =K192+V192+AG192+AR192+BC192+BN192+BY192+CJ192+CU192+DF192+DQ192+EB192+EM192+EX192+FI192+FT192+GE192+GP192+HA192+HL192+HW192+IH192+IS192+JD192+JO192+JZ192+KK192+KV192+LG192+LR192 -> 0 | ... MG38: =M192+X192+AI192+AT192+BE192+BP192+CA192+CL192+CW192+DH192+DS192+ED192+EO192+EZ192+FK192+FV192+GG192+GR192+HC192+HN192+HY192+IJ192+IU192+JF192+JQ192+KB192+KM192+KX192+LI192+LT192 -> 0
A39: 34 | B39: ='Datos Iniciales'!T42 -> Alumno34 | LX39: =D193+O193+Z193+AK193+AV193+BG193+BR193+CC193+CN193+CY193+DJ193+DU193+EF193+EQ193+FB193+FM193+FX193+GI193+GT193+HE193+HP193+IA193+IL193+IW193+JH193+JS193+KD193+KO193+KZ193+LK193 -> 0 | LY39: =E193+P193+AA193+AL193+AW193+BH193+BS193+CD193+CO193+CZ193+DK193+DV193+EG193+ER193+FC193+FN193+FY193+GJ193+GU193+HF193+HQ193+IB193+IM193+IX193+JI193+JT193+KE193+KP193+LA193+LL193 -> 0 | LZ39: =F193+Q193+AB193+AM193+AX193+BI193+BT193+CE193+CP193+DA193+DL193+DW193+EH193+ES193+FD193+FO193+FZ193+GK193+GV193+HG193+HR193+IC193+IN193+IY193+JJ193+JU193+KF193+KQ193+LB193+LM193 -> 0 | MA39: =G193+R193+AC193+AN193+AY193+BJ193+BU193+CF193+CQ193+DB193+DM193+DX193+EI193+ET193+FE193+FP193+GA193+GL193+GW193+HH193+HS193+ID193+IO193+IZ193+JK193+JV193+KG193+KR193+LC193+LN193 -> 0 | MB39: =H193+S193+AD193+AO193+AZ193+BK193+BV193+CG193+CR193+DC193+DN193+DY193+EJ193+EU193+FF193+FQ193+GB193+GM193+GX193+HI193+HT193+IE193+IP193+JA193+JL193+JW193+KH193+KS193+LD193+LO193 -> 0 | MC39: =I193+T193+AE193+AP193+BA193+BL193+BW193+CH193+CS193+DD193+DO193+DZ193+EK193+EV193+FG193+FR193+GC193+GN193+GY193+HJ193+HU193+IF193+IQ193+JB193+JM193+JX193+KI193+KT193+LE193+LP193 -> 0 | MD39: =J193+U193+AF193+AQ193+BB193+BM193+BX193+CI193+CT193+DE193+DP193+EA193+EL193+EW193+FH193+FS193+GD193+GO193+GZ193+HK193+HV193+IG193+IR193+JC193+JN193+JY193+KJ193+KU193+LF193+LQ193 -> 0 | ME39: =K193+V193+AG193+AR193+BC193+BN193+BY193+CJ193+CU193+DF193+DQ193+EB193+EM193+EX193+FI193+FT193+GE193+GP193+HA193+HL193+HW193+IH193+IS193+JD193+JO193+JZ193+KK193+KV193+LG193+LR193 -> 0 | ... MG39: =M193+X193+AI193+AT193+BE193+BP193+CA193+CL193+CW193+DH193+DS193+ED193+EO193+EZ193+FK193+FV193+GG193+GR193+HC193+HN193+HY193+IJ193+IU193+JF193+JQ193+KB193+KM193+KX193+LI193+LT193 -> 0
A40: 35 | B40: ='Datos Iniciales'!T43 -> Alumno35 | LX40: =D194+O194+Z194+AK194+AV194+BG194+BR194+CC194+CN194+CY194+DJ194+DU194+EF194+EQ194+FB194+FM194+FX194+GI194+GT194+HE194+HP194+IA194+IL194+IW194+JH194+JS194+KD194+KO194+KZ194+LK194 -> 0 | LY40: =E194+P194+AA194+AL194+AW194+BH194+BS194+CD194+CO194+CZ194+DK194+DV194+EG194+ER194+FC194+FN194+FY194+GJ194+GU194+HF194+HQ194+IB194+IM194+IX194+JI194+JT194+KE194+KP194+LA194+LL194 -> 0 | LZ40: =F194+Q194+AB194+AM194+AX194+BI194+BT194+CE194+CP194+DA194+DL194+DW194+EH194+ES194+FD194+FO194+FZ194+GK194+GV194+HG194+HR194+IC194+IN194+IY194+JJ194+JU194+KF194+KQ194+LB194+LM194 -> 0 | MA40: =G194+R194+AC194+AN194+AY194+BJ194+BU194+CF194+CQ194+DB194+DM194+DX194+EI194+ET194+FE194+FP194+GA194+GL194+GW194+HH194+HS194+ID194+IO194+IZ194+JK194+JV194+KG194+KR194+LC194+LN194 -> 0 | MB40: =H194+S194+AD194+AO194+AZ194+BK194+BV194+CG194+CR194+DC194+DN194+DY194+EJ194+EU194+FF194+FQ194+GB194+GM194+GX194+HI194+HT194+IE194+IP194+JA194+JL194+JW194+KH194+KS194+LD194+LO194 -> 0 | MC40: =I194+T194+AE194+AP194+BA194+BL194+BW194+CH194+CS194+DD194+DO194+DZ194+EK194+EV194+FG194+FR194+GC194+GN194+GY194+HJ194+HU194+IF194+IQ194+JB194+JM194+JX194+KI194+KT194+LE194+LP194 -> 0 | MD40: =J194+U194+AF194+AQ194+BB194+BM194+BX194+CI194+CT194+DE194+DP194+EA194+EL194+EW194+FH194+FS194+GD194+GO194+GZ194+HK194+HV194+IG194+IR194+JC194+JN194+JY194+KJ194+KU194+LF194+LQ194 -> 0 | ME40: =K194+V194+AG194+AR194+BC194+BN194+BY194+CJ194+CU194+DF194+DQ194+EB194+EM194+EX194+FI194+FT194+GE194+GP194+HA194+HL194+HW194+IH194+IS194+JD194+JO194+JZ194+KK194+KV194+LG194+LR194 -> 0 | ... MG40: =M194+X194+AI194+AT194+BE194+BP194+CA194+CL194+CW194+DH194+DS194+ED194+EO194+EZ194+FK194+FV194+GG194+GR194+HC194+HN194+HY194+IJ194+IU194+JF194+JQ194+KB194+KM194+KX194+LI194+LT194 -> 0
A41: 36 | B41: ='Datos Iniciales'!T44 -> Alumno36 | LX41: =D195+O195+Z195+AK195+AV195+BG195+BR195+CC195+CN195+CY195+DJ195+DU195+EF195+EQ195+FB195+FM195+FX195+GI195+GT195+HE195+HP195+IA195+IL195+IW195+JH195+JS195+KD195+KO195+KZ195+LK195 -> 0 | LY41: =E195+P195+AA195+AL195+AW195+BH195+BS195+CD195+CO195+CZ195+DK195+DV195+EG195+ER195+FC195+FN195+FY195+GJ195+GU195+HF195+HQ195+IB195+IM195+IX195+JI195+JT195+KE195+KP195+LA195+LL195 -> 0 | LZ41: =F195+Q195+AB195+AM195+AX195+BI195+BT195+CE195+CP195+DA195+DL195+DW195+EH195+ES195+FD195+FO195+FZ195+GK195+GV195+HG195+HR195+IC195+IN195+IY195+JJ195+JU195+KF195+KQ195+LB195+LM195 -> 0 | MA41: =G195+R195+AC195+AN195+AY195+BJ195+BU195+CF195+CQ195+DB195+DM195+DX195+EI195+ET195+FE195+FP195+GA195+GL195+GW195+HH195+HS195+ID195+IO195+IZ195+JK195+JV195+KG195+KR195+LC195+LN195 -> 0 | MB41: =H195+S195+AD195+AO195+AZ195+BK195+BV195+CG195+CR195+DC195+DN195+DY195+EJ195+EU195+FF195+FQ195+GB195+GM195+GX195+HI195+HT195+IE195+IP195+JA195+JL195+JW195+KH195+KS195+LD195+LO195 -> 0 | MC41: =I195+T195+AE195+AP195+BA195+BL195+BW195+CH195+CS195+DD195+DO195+DZ195+EK195+EV195+FG195+FR195+GC195+GN195+GY195+HJ195+HU195+IF195+IQ195+JB195+JM195+JX195+KI195+KT195+LE195+LP195 -> 0 | MD41: =J195+U195+AF195+AQ195+BB195+BM195+BX195+CI195+CT195+DE195+DP195+EA195+EL195+EW195+FH195+FS195+GD195+GO195+GZ195+HK195+HV195+IG195+IR195+JC195+JN195+JY195+KJ195+KU195+LF195+LQ195 -> 0 | ME41: =K195+V195+AG195+AR195+BC195+BN195+BY195+CJ195+CU195+DF195+DQ195+EB195+EM195+EX195+FI195+FT195+GE195+GP195+HA195+HL195+HW195+IH195+IS195+JD195+JO195+JZ195+KK195+KV195+LG195+LR195 -> 0 | ... MG41: =M195+X195+AI195+AT195+BE195+BP195+CA195+CL195+CW195+DH195+DS195+ED195+EO195+EZ195+FK195+FV195+GG195+GR195+HC195+HN195+HY195+IJ195+IU195+JF195+JQ195+KB195+KM195+KX195+LI195+LT195 -> 0
A42: 37 | B42: ='Datos Iniciales'!T45 -> Alumno37 | LX42: =D196+O196+Z196+AK196+AV196+BG196+BR196+CC196+CN196+CY196+DJ196+DU196+EF196+EQ196+FB196+FM196+FX196+GI196+GT196+HE196+HP196+IA196+IL196+IW196+JH196+JS196+KD196+KO196+KZ196+LK196 -> 0 | LY42: =E196+P196+AA196+AL196+AW196+BH196+BS196+CD196+CO196+CZ196+DK196+DV196+EG196+ER196+FC196+FN196+FY196+GJ196+GU196+HF196+HQ196+IB196+IM196+IX196+JI196+JT196+KE196+KP196+LA196+LL196 -> 0 | LZ42: =F196+Q196+AB196+AM196+AX196+BI196+BT196+CE196+CP196+DA196+DL196+DW196+EH196+ES196+FD196+FO196+FZ196+GK196+GV196+HG196+HR196+IC196+IN196+IY196+JJ196+JU196+KF196+KQ196+LB196+LM196 -> 0 | MA42: =G196+R196+AC196+AN196+AY196+BJ196+BU196+CF196+CQ196+DB196+DM196+DX196+EI196+ET196+FE196+FP196+GA196+GL196+GW196+HH196+HS196+ID196+IO196+IZ196+JK196+JV196+KG196+KR196+LC196+LN196 -> 0 | MB42: =H196+S196+AD196+AO196+AZ196+BK196+BV196+CG196+CR196+DC196+DN196+DY196+EJ196+EU196+FF196+FQ196+GB196+GM196+GX196+HI196+HT196+IE196+IP196+JA196+JL196+JW196+KH196+KS196+LD196+LO196 -> 0 | MC42: =I196+T196+AE196+AP196+BA196+BL196+BW196+CH196+CS196+DD196+DO196+DZ196+EK196+EV196+FG196+FR196+GC196+GN196+GY196+HJ196+HU196+IF196+IQ196+JB196+JM196+JX196+KI196+KT196+LE196+LP196 -> 0 | MD42: =J196+U196+AF196+AQ196+BB196+BM196+BX196+CI196+CT196+DE196+DP196+EA196+EL196+EW196+FH196+FS196+GD196+GO196+GZ196+HK196+HV196+IG196+IR196+JC196+JN196+JY196+KJ196+KU196+LF196+LQ196 -> 0 | ME42: =K196+V196+AG196+AR196+BC196+BN196+BY196+CJ196+CU196+DF196+DQ196+EB196+EM196+EX196+FI196+FT196+GE196+GP196+HA196+HL196+HW196+IH196+IS196+JD196+JO196+JZ196+KK196+KV196+LG196+LR196 -> 0 | ... MG42: =M196+X196+AI196+AT196+BE196+BP196+CA196+CL196+CW196+DH196+DS196+ED196+EO196+EZ196+FK196+FV196+GG196+GR196+HC196+HN196+HY196+IJ196+IU196+JF196+JQ196+KB196+KM196+KX196+LI196+LT196 -> 0
A43: 38 | B43: ='Datos Iniciales'!T46 -> Alumno38 | LX43: =D197+O197+Z197+AK197+AV197+BG197+BR197+CC197+CN197+CY197+DJ197+DU197+EF197+EQ197+FB197+FM197+FX197+GI197+GT197+HE197+HP197+IA197+IL197+IW197+JH197+JS197+KD197+KO197+KZ197+LK197 -> 0 | LY43: =E197+P197+AA197+AL197+AW197+BH197+BS197+CD197+CO197+CZ197+DK197+DV197+EG197+ER197+FC197+FN197+FY197+GJ197+GU197+HF197+HQ197+IB197+IM197+IX197+JI197+JT197+KE197+KP197+LA197+LL197 -> 0 | LZ43: =F197+Q197+AB197+AM197+AX197+BI197+BT197+CE197+CP197+DA197+DL197+DW197+EH197+ES197+FD197+FO197+FZ197+GK197+GV197+HG197+HR197+IC197+IN197+IY197+JJ197+JU197+KF197+KQ197+LB197+LM197 -> 0 | MA43: =G197+R197+AC197+AN197+AY197+BJ197+BU197+CF197+CQ197+DB197+DM197+DX197+EI197+ET197+FE197+FP197+GA197+GL197+GW197+HH197+HS197+ID197+IO197+IZ197+JK197+JV197+KG197+KR197+LC197+LN197 -> 0 | MB43: =H197+S197+AD197+AO197+AZ197+BK197+BV197+CG197+CR197+DC197+DN197+DY197+EJ197+EU197+FF197+FQ197+GB197+GM197+GX197+HI197+HT197+IE197+IP197+JA197+JL197+JW197+KH197+KS197+LD197+LO197 -> 0 | MC43: =I197+T197+AE197+AP197+BA197+BL197+BW197+CH197+CS197+DD197+DO197+DZ197+EK197+EV197+FG197+FR197+GC197+GN197+GY197+HJ197+HU197+IF197+IQ197+JB197+JM197+JX197+KI197+KT197+LE197+LP197 -> 0 | MD43: =J197+U197+AF197+AQ197+BB197+BM197+BX197+CI197+CT197+DE197+DP197+EA197+EL197+EW197+FH197+FS197+GD197+GO197+GZ197+HK197+HV197+IG197+IR197+JC197+JN197+JY197+KJ197+KU197+LF197+LQ197 -> 0 | ME43: =K197+V197+AG197+AR197+BC197+BN197+BY197+CJ197+CU197+DF197+DQ197+EB197+EM197+EX197+FI197+FT197+GE197+GP197+HA197+HL197+HW197+IH197+IS197+JD197+JO197+JZ197+KK197+KV197+LG197+LR197 -> 0 | ... MG43: =M197+X197+AI197+AT197+BE197+BP197+CA197+CL197+CW197+DH197+DS197+ED197+EO197+EZ197+FK197+FV197+GG197+GR197+HC197+HN197+HY197+IJ197+IU197+JF197+JQ197+KB197+KM197+KX197+LI197+LT197 -> 0
A44: 39 | B44: ='Datos Iniciales'!T47 -> Alumno39 | LX44: =D198+O198+Z198+AK198+AV198+BG198+BR198+CC198+CN198+CY198+DJ198+DU198+EF198+EQ198+FB198+FM198+FX198+GI198+GT198+HE198+HP198+IA198+IL198+IW198+JH198+JS198+KD198+KO198+KZ198+LK198 -> 0 | LY44: =E198+P198+AA198+AL198+AW198+BH198+BS198+CD198+CO198+CZ198+DK198+DV198+EG198+ER198+FC198+FN198+FY198+GJ198+GU198+HF198+HQ198+IB198+IM198+IX198+JI198+JT198+KE198+KP198+LA198+LL198 -> 0 | LZ44: =F198+Q198+AB198+AM198+AX198+BI198+BT198+CE198+CP198+DA198+DL198+DW198+EH198+ES198+FD198+FO198+FZ198+GK198+GV198+HG198+HR198+IC198+IN198+IY198+JJ198+JU198+KF198+KQ198+LB198+LM198 -> 0 | MA44: =G198+R198+AC198+AN198+AY198+BJ198+BU198+CF198+CQ198+DB198+DM198+DX198+EI198+ET198+FE198+FP198+GA198+GL198+GW198+HH198+HS198+ID198+IO198+IZ198+JK198+JV198+KG198+KR198+LC198+LN198 -> 0 | MB44: =H198+S198+AD198+AO198+AZ198+BK198+BV198+CG198+CR198+DC198+DN198+DY198+EJ198+EU198+FF198+FQ198+GB198+GM198+GX198+HI198+HT198+IE198+IP198+JA198+JL198+JW198+KH198+KS198+LD198+LO198 -> 0 | MC44: =I198+T198+AE198+AP198+BA198+BL198+BW198+CH198+CS198+DD198+DO198+DZ198+EK198+EV198+FG198+FR198+GC198+GN198+GY198+HJ198+HU198+IF198+IQ198+JB198+JM198+JX198+KI198+KT198+LE198+LP198 -> 0 | MD44: =J198+U198+AF198+AQ198+BB198+BM198+BX198+CI198+CT198+DE198+DP198+EA198+EL198+EW198+FH198+FS198+GD198+GO198+GZ198+HK198+HV198+IG198+IR198+JC198+JN198+JY198+KJ198+KU198+LF198+LQ198 -> 0 | ME44: =K198+V198+AG198+AR198+BC198+BN198+BY198+CJ198+CU198+DF198+DQ198+EB198+EM198+EX198+FI198+FT198+GE198+GP198+HA198+HL198+HW198+IH198+IS198+JD198+JO198+JZ198+KK198+KV198+LG198+LR198 -> 0 | ... MG44: =M198+X198+AI198+AT198+BE198+BP198+CA198+CL198+CW198+DH198+DS198+ED198+EO198+EZ198+FK198+FV198+GG198+GR198+HC198+HN198+HY198+IJ198+IU198+JF198+JQ198+KB198+KM198+KX198+LI198+LT198 -> 0
A45: 40 | B45: ='Datos Iniciales'!T48 -> Alumno40 | LX45: =D199+O199+Z199+AK199+AV199+BG199+BR199+CC199+CN199+CY199+DJ199+DU199+EF199+EQ199+FB199+FM199+FX199+GI199+GT199+HE199+HP199+IA199+IL199+IW199+JH199+JS199+KD199+KO199+KZ199+LK199 -> 0 | LY45: =E199+P199+AA199+AL199+AW199+BH199+BS199+CD199+CO199+CZ199+DK199+DV199+EG199+ER199+FC199+FN199+FY199+GJ199+GU199+HF199+HQ199+IB199+IM199+IX199+JI199+JT199+KE199+KP199+LA199+LL199 -> 0 | LZ45: =F199+Q199+AB199+AM199+AX199+BI199+BT199+CE199+CP199+DA199+DL199+DW199+EH199+ES199+FD199+FO199+FZ199+GK199+GV199+HG199+HR199+IC199+IN199+IY199+JJ199+JU199+KF199+KQ199+LB199+LM199 -> 0 | MA45: =G199+R199+AC199+AN199+AY199+BJ199+BU199+CF199+CQ199+DB199+DM199+DX199+EI199+ET199+FE199+FP199+GA199+GL199+GW199+HH199+HS199+ID199+IO199+IZ199+JK199+JV199+KG199+KR199+LC199+LN199 -> 0 | MB45: =H199+S199+AD199+AO199+AZ199+BK199+BV199+CG199+CR199+DC199+DN199+DY199+EJ199+EU199+FF199+FQ199+GB199+GM199+GX199+HI199+HT199+IE199+IP199+JA199+JL199+JW199+KH199+KS199+LD199+LO199 -> 0 | MC45: =I199+T199+AE199+AP199+BA199+BL199+BW199+CH199+CS199+DD199+DO199+DZ199+EK199+EV199+FG199+FR199+GC199+GN199+GY199+HJ199+HU199+IF199+IQ199+JB199+JM199+JX199+KI199+KT199+LE199+LP199 -> 0 | MD45: =J199+U199+AF199+AQ199+BB199+BM199+BX199+CI199+CT199+DE199+DP199+EA199+EL199+EW199+FH199+FS199+GD199+GO199+GZ199+HK199+HV199+IG199+IR199+JC199+JN199+JY199+KJ199+KU199+LF199+LQ199 -> 0 | ME45: =K199+V199+AG199+AR199+BC199+BN199+BY199+CJ199+CU199+DF199+DQ199+EB199+EM199+EX199+FI199+FT199+GE199+GP199+HA199+HL199+HW199+IH199+IS199+JD199+JO199+JZ199+KK199+KV199+LG199+LR199 -> 0 | ... MG45: =M199+X199+AI199+AT199+BE199+BP199+CA199+CL199+CW199+DH199+DS199+ED199+EO199+EZ199+FK199+FV199+GG199+GR199+HC199+HN199+HY199+IJ199+IU199+JF199+JQ199+KB199+KM199+KX199+LI199+LT199 -> 0
A46: 41 | B46: ='Datos Iniciales'!T49 -> Alumno41 | LX46: =D200+O200+Z200+AK200+AV200+BG200+BR200+CC200+CN200+CY200+DJ200+DU200+EF200+EQ200+FB200+FM200+FX200+GI200+GT200+HE200+HP200+IA200+IL200+IW200+JH200+JS200+KD200+KO200+KZ200+LK200 -> 0 | LY46: =E200+P200+AA200+AL200+AW200+BH200+BS200+CD200+CO200+CZ200+DK200+DV200+EG200+ER200+FC200+FN200+FY200+GJ200+GU200+HF200+HQ200+IB200+IM200+IX200+JI200+JT200+KE200+KP200+LA200+LL200 -> 0 | LZ46: =F200+Q200+AB200+AM200+AX200+BI200+BT200+CE200+CP200+DA200+DL200+DW200+EH200+ES200+FD200+FO200+FZ200+GK200+GV200+HG200+HR200+IC200+IN200+IY200+JJ200+JU200+KF200+KQ200+LB200+LM200 -> 0 | MA46: =G200+R200+AC200+AN200+AY200+BJ200+BU200+CF200+CQ200+DB200+DM200+DX200+EI200+ET200+FE200+FP200+GA200+GL200+GW200+HH200+HS200+ID200+IO200+IZ200+JK200+JV200+KG200+KR200+LC200+LN200 -> 0 | MB46: =H200+S200+AD200+AO200+AZ200+BK200+BV200+CG200+CR200+DC200+DN200+DY200+EJ200+EU200+FF200+FQ200+GB200+GM200+GX200+HI200+HT200+IE200+IP200+JA200+JL200+JW200+KH200+KS200+LD200+LO200 -> 0 | MC46: =I200+T200+AE200+AP200+BA200+BL200+BW200+CH200+CS200+DD200+DO200+DZ200+EK200+EV200+FG200+FR200+GC200+GN200+GY200+HJ200+HU200+IF200+IQ200+JB200+JM200+JX200+KI200+KT200+LE200+LP200 -> 0 | MD46: =J200+U200+AF200+AQ200+BB200+BM200+BX200+CI200+CT200+DE200+DP200+EA200+EL200+EW200+FH200+FS200+GD200+GO200+GZ200+HK200+HV200+IG200+IR200+JC200+JN200+JY200+KJ200+KU200+LF200+LQ200 -> 0 | ME46: =K200+V200+AG200+AR200+BC200+BN200+BY200+CJ200+CU200+DF200+DQ200+EB200+EM200+EX200+FI200+FT200+GE200+GP200+HA200+HL200+HW200+IH200+IS200+JD200+JO200+JZ200+KK200+KV200+LG200+LR200 -> 0 | ... MG46: =M200+X200+AI200+AT200+BE200+BP200+CA200+CL200+CW200+DH200+DS200+ED200+EO200+EZ200+FK200+FV200+GG200+GR200+HC200+HN200+HY200+IJ200+IU200+JF200+JQ200+KB200+KM200+KX200+LI200+LT200 -> 0
A47: 42 | B47: ='Datos Iniciales'!T50 -> Alumno42 | LX47: =D201+O201+Z201+AK201+AV201+BG201+BR201+CC201+CN201+CY201+DJ201+DU201+EF201+EQ201+FB201+FM201+FX201+GI201+GT201+HE201+HP201+IA201+IL201+IW201+JH201+JS201+KD201+KO201+KZ201+LK201 -> 0 | LY47: =E201+P201+AA201+AL201+AW201+BH201+BS201+CD201+CO201+CZ201+DK201+DV201+EG201+ER201+FC201+FN201+FY201+GJ201+GU201+HF201+HQ201+IB201+IM201+IX201+JI201+JT201+KE201+KP201+LA201+LL201 -> 0 | LZ47: =F201+Q201+AB201+AM201+AX201+BI201+BT201+CE201+CP201+DA201+DL201+DW201+EH201+ES201+FD201+FO201+FZ201+GK201+GV201+HG201+HR201+IC201+IN201+IY201+JJ201+JU201+KF201+KQ201+LB201+LM201 -> 0 | MA47: =G201+R201+AC201+AN201+AY201+BJ201+BU201+CF201+CQ201+DB201+DM201+DX201+EI201+ET201+FE201+FP201+GA201+GL201+GW201+HH201+HS201+ID201+IO201+IZ201+JK201+JV201+KG201+KR201+LC201+LN201 -> 0 | MB47: =H201+S201+AD201+AO201+AZ201+BK201+BV201+CG201+CR201+DC201+DN201+DY201+EJ201+EU201+FF201+FQ201+GB201+GM201+GX201+HI201+HT201+IE201+IP201+JA201+JL201+JW201+KH201+KS201+LD201+LO201 -> 0 | MC47: =I201+T201+AE201+AP201+BA201+BL201+BW201+CH201+CS201+DD201+DO201+DZ201+EK201+EV201+FG201+FR201+GC201+GN201+GY201+HJ201+HU201+IF201+IQ201+JB201+JM201+JX201+KI201+KT201+LE201+LP201 -> 0 | MD47: =J201+U201+AF201+AQ201+BB201+BM201+BX201+CI201+CT201+DE201+DP201+EA201+EL201+EW201+FH201+FS201+GD201+GO201+GZ201+HK201+HV201+IG201+IR201+JC201+JN201+JY201+KJ201+KU201+LF201+LQ201 -> 0 | ME47: =K201+V201+AG201+AR201+BC201+BN201+BY201+CJ201+CU201+DF201+DQ201+EB201+EM201+EX201+FI201+FT201+GE201+GP201+HA201+HL201+HW201+IH201+IS201+JD201+JO201+JZ201+KK201+KV201+LG201+LR201 -> 0 | ... MG47: =M201+X201+AI201+AT201+BE201+BP201+CA201+CL201+CW201+DH201+DS201+ED201+EO201+EZ201+FK201+FV201+GG201+GR201+HC201+HN201+HY201+IJ201+IU201+JF201+JQ201+KB201+KM201+KX201+LI201+LT201 -> 0
... A50: 45 | B50: ='Datos Iniciales'!T53 -> Alumno45 | LX50: =D204+O204+Z204+AK204+AV204+BG204+BR204+CC204+CN204+CY204+DJ204+DU204+EF204+EQ204+FB204+FM204+FX204+GI204+GT204+HE204+HP204+IA204+IL204+IW204+JH204+JS204+KD204+KO204+KZ204+LK204 -> 0 | LY50: =E204+P204+AA204+AL204+AW204+BH204+BS204+CD204+CO204+CZ204+DK204+DV204+EG204+ER204+FC204+FN204+FY204+GJ204+GU204+HF204+HQ204+IB204+IM204+IX204+JI204+JT204+KE204+KP204+LA204+LL204 -> 0 | LZ50: =F204+Q204+AB204+AM204+AX204+BI204+BT204+CE204+CP204+DA204+DL204+DW204+EH204+ES204+FD204+FO204+FZ204+GK204+GV204+HG204+HR204+IC204+IN204+IY204+JJ204+JU204+KF204+KQ204+LB204+LM204 -> 0 | MA50: =G204+R204+AC204+AN204+AY204+BJ204+BU204+CF204+CQ204+DB204+DM204+DX204+EI204+ET204+FE204+FP204+GA204+GL204+GW204+HH204+HS204+ID204+IO204+IZ204+JK204+JV204+KG204+KR204+LC204+LN204 -> 0 | MB50: =H204+S204+AD204+AO204+AZ204+BK204+BV204+CG204+CR204+DC204+DN204+DY204+EJ204+EU204+FF204+FQ204+GB204+GM204+GX204+HI204+HT204+IE204+IP204+JA204+JL204+JW204+KH204+KS204+LD204+LO204 -> 0 | MC50: =I204+T204+AE204+AP204+BA204+BL204+BW204+CH204+CS204+DD204+DO204+DZ204+EK204+EV204+FG204+FR204+GC204+GN204+GY204+HJ204+HU204+IF204+IQ204+JB204+JM204+JX204+KI204+KT204+LE204+LP204 -> 0 | MD50: =J204+U204+AF204+AQ204+BB204+BM204+BX204+CI204+CT204+DE204+DP204+EA204+EL204+EW204+FH204+FS204+GD204+GO204+GZ204+HK204+HV204+IG204+IR204+JC204+JN204+JY204+KJ204+KU204+LF204+LQ204 -> 0 | ME50: =K204+V204+AG204+AR204+BC204+BN204+BY204+CJ204+CU204+DF204+DQ204+EB204+EM204+EX204+FI204+FT204+GE204+GP204+HA204+HL204+HW204+IH204+IS204+JD204+JO204+JZ204+KK204+KV204+LG204+LR204 -> 0 | ... MG50: =M204+X204+AI204+AT204+BE204+BP204+CA204+CL204+CW204+DH204+DS204+ED204+EO204+EZ204+FK204+FV204+GG204+GR204+HC204+HN204+HY204+IJ204+IU204+JF204+JQ204+KB204+KM204+KX204+LI204+LT204 -> 0
C51: =AVERAGE(C6:C50) -> 6.3983333 | D51: Nota Promedio | N51: =AVERAGE(N6:N50) -> 6.4 | O51: Nota Promedio | Y51: =AVERAGE(Y6:Y50) -> 6.4 | Z51: Nota Promedio | AJ51: =AVERAGE(AJ6:AJ50) -> 6.4 | AK51: Nota Promedio | AU51: =AVERAGE(AU6:AU50) -> 6.4133333 | AV51: Nota Promedio | BF51: =AVERAGE(BF6:BF50) -> 6.4233333 | BG51: Nota Promedio | BQ51: =AVERAGE(BQ6:BQ50) -> 6.4233333 | BR51: Nota Promedio | CB51: =AVERAGE(CB6:CB50) -> 0 | CC51: Nota Promedio | CM51: =AVERAGE(CM6:CM50) -> 0 | CN51: Nota Promedio | CX51: =AVERAGE(CX6:CX50) -> 0 | CY51: Nota Promedio | DI51: =AVERAGE(DI6:DI50) -> 0 | DJ51: Nota Promedio | DT51: =AVERAGE(DT6:DT50) -> 0 | DU51: Nota Promedio | EE51: =AVERAGE(EE6:EE50) -> 0 | EF51: Nota Promedio | EP51: =AVERAGE(EP6:EP50) -> 0 | EQ51: Nota Promedio | FA51: =AVERAGE(FA6:FA50) -> 0 | FB51: Nota Promedio | FL51: =AVERAGE(FL6:FL50) -> 0 | FM51: Nota Promedio | FW51: =AVERAGE(FW6:FW50) -> 0 | FX51: Nota Promedio | GH51: =AVERAGE(GH6:GH50) -> 0 | GI51: Nota Promedio | GS51: =AVERAGE(GS6:GS50) -> 0 | GT51: Nota Promedio | HD51: =AVERAGE(HD6:HD50) -> 0 | HE51: Nota Promedio | HO51: =AVERAGE(HO6:HO50) -> 0 | HP51: Nota Promedio | HZ51: =AVERAGE(HZ6:HZ50) -> 0 | IA51: Nota Promedio | IK51: =AVERAGE(IK6:IK50) -> 0 | IL51: Nota Promedio | IV51: =AVERAGE(IV6:IV50) -> 0 | IW51: Nota Promedio | JG51: =AVERAGE(JG6:JG50) -> 0 | JH51: Nota Promedio | JR51: =AVERAGE(JR6:JR50) -> 0 | JS51: Nota Promedio | KC51: =AVERAGE(KC6:KC50) -> 0 | KD51: Nota Promedio | KN51: =AVERAGE(KN6:KN50) -> 0 | KO51: Nota Promedio | KY51: =AVERAGE(KY6:KY50) -> 0 | KZ51: Nota Promedio | LJ51: =AVERAGE(LJ6:LJ50) -> 0 | LK51: Nota Promedio
C52: =COUNTIF(C6:C50,"<5") -> 4 | D52: Número de suspensos | N52: =COUNTIF(N6:N50,"<5") -> 7 | O52: Número de suspensos | Y52: =COUNTIF(Y6:Y50,"<5") -> 7 | Z52: Número de suspensos | AJ52: =COUNTIF(AJ6:AJ50,"<5") -> 7 | AK52: Número de suspensos | AU52: =COUNTIF(AU6:AU50,"<5") -> 8 | AV52: Número de suspensos | BF52: =COUNTIF(BF6:BF50,"<5") -> 8 | BG52: Número de suspensos | BQ52: =COUNTIF(BQ6:BQ50,"<5") -> 8 | BR52: Número de suspensos | CB52: =COUNTIF(CB6:CB50,"<5") -> 30 | CC52: Número de suspensos | CM52: =COUNTIF(CM6:CM50,"<5") -> 30 | CN52: Número de suspensos | CX52: =COUNTIF(CX6:CX50,"<5") -> 30 | CY52: Número de suspensos | DI52: =COUNTIF(DI6:DI50,"<5") -> 30 | DJ52: Número de suspensos | DT52: =COUNTIF(DT6:DT50,"<5") -> 30 | DU52: Número de suspensos | EE52: =COUNTIF(EE6:EE50,"<5") -> 30 | EF52: Número de suspensos | EP52: =COUNTIF(EP6:EP50,"<5") -> 30 | EQ52: Número de suspensos | FA52: =COUNTIF(FA6:FA50,"<5") -> 30 | FB52: Número de suspensos | FL52: =COUNTIF(FL6:FL50,"<5") -> 30 | FM52: Número de suspensos | FW52: =COUNTIF(FW6:FW50,"<5") -> 30 | FX52: Número de suspensos | GH52: =COUNTIF(GH6:GH50,"<5") -> 30 | GI52: Número de suspensos | GS52: =COUNTIF(GS6:GS50,"<5") -> 30 | GT52: Número de suspensos | HD52: =COUNTIF(HD6:HD50,"<5") -> 30 | HE52: Número de suspensos | HO52: =COUNTIF(HO6:HO50,"<5") -> 30 | HP52: Número de suspensos | HZ52: =COUNTIF(HZ6:HZ50,"<5") -> 30 | IA52: Número de suspensos | IK52: =COUNTIF(IK6:IK50,"<5") -> 30 | IL52: Número de suspensos | IV52: =COUNTIF(IV6:IV50,"<5") -> 30 | IW52: Número de suspensos | JG52: =COUNTIF(JG6:JG50,"<5") -> 30 | JH52: Número de suspensos | JR52: =COUNTIF(JR6:JR50,"<5") -> 30 | JS52: Número de suspensos | KC52: =COUNTIF(KC6:KC50,"<5") -> 30 | KD52: Número de suspensos | KN52: =COUNTIF(KN6:KN50,"<5") -> 30 | KO52: Número de suspensos | KY52: =COUNTIF(KY6:KY50,"<5") -> 30 | KZ52: Número de suspensos | LJ52: =COUNTIF(LJ6:LJ50,"<5") -> 30 | LK52: Número de suspensos
D60: 1 | E60: 2 | F60: 3 | G60: 4 | H60: 5 | I60: 6 | J60: 7 | K60: 8 | L60: 9 | M60: 10 | O60: 1 | P60: 2 | Q60: 3 | R60: 4 | S60: 5 | T60: 6 | U60: 7 | V60: 8 | W60: 9 | X60: 10 | Z60: 1 | AA60: 2 | AB60: 3 | AC60: 4 | AD60: 5 | AE60: 6 | AF60: 7 | AG60: 8 | AH60: 9 | AI60: 10 | AK60: 1 | AL60: 2 | AM60: 3 | AN60: 4 | AO60: 5 | AP60: 6 | AQ60: 7 | AR60: 8 | AS60: 9 | AT60: 10 | AV60: 1 | AW60: 2 | AX60: 3 | AY60: 4 | AZ60: 5 | BA60: 6 | BB60: 7 | BC60: 8 | BD60: 9 | BE60: 10 | BG60: 1 | BH60: 2 | BI60: 3 | BJ60: 4 | BK60: 5 | BL60: 6 | BM60: 7 | BN60: 8 | BO60: 9 | BP60: 10 | BR60: 1 | BS60: 2 | BT60: 3 | BU60: 4 | BV60: 5 | BW60: 6 | BX60: 7 | BY60: 8 | BZ60: 9 | CA60: 10 | CC60: 1 | CD60: 2 | CE60: 3 | CF60: 4 | CG60: 5 | CH60: 6 | CI60: 7 | CJ60: 8 | CK60: 9 | CL60: 10 | CN60: 1 | CO60: 2 | CP60: 3 | CQ60: 4 | CR60: 5 | CS60: 6 | CT60: 7 | CU60: 8 | CV60: 9 | CW60: 10 | CY60: 1 | CZ60: 2 | DA60: 3 | DB60: 4 | DC60: 5 | DD60: 6 | DE60: 7 | DF60: 8 | DG60: 9 | DH60: 10 | DJ60: 1 | DK60: 2 | DL60: 3 | DM60: 4 | DN60: 5 | DO60: 6 | DP60: 7 | DQ60: 8 | DR60: 9 | DS60: 10 | DU60: 1 | DV60: 2 | DW60: 3 | DX60: 4 | DY60: 5 | DZ60: 6 | EA60: 7 | EB60: 8 | EC60: 9 | ED60: 10 | EF60: 1 | EG60: 2 | EH60: 3 | EI60: 4 | EJ60: 5 | EK60: 6 | EL60: 7 | EM60: 8 | EN60: 9 | EO60: 10 | EQ60: 1 | ER60: 2 | ES60: 3 | ET60: 4 | EU60: 5 | EV60: 6 | EW60: 7 | EX60: 8 | EY60: 9 | EZ60: 10 | FB60: 1 | FC60: 2 | FD60: 3 | FE60: 4 | FF60: 5 | FG60: 6 | FH60: 7 | FI60: 8 | FJ60: 9 | FK60: 10 | FM60: 1 | FN60: 2 | FO60: 3 | FP60: 4 | FQ60: 5 | FR60: 6 | FS60: 7 | FT60: 8 | FU60: 9 | FV60: 10 | FX60: 1 | FY60: 2 | FZ60: 3 | GA60: 4 | GB60: 5 | GC60: 6 | GD60: 7 | GE60: 8 | GF60: 9 | GG60: 10 | GI60: 1 | GJ60: 2 | GK60: 3 | GL60: 4 | GM60: 5 | GN60: 6 | GO60: 7 | GP60: 8 | GQ60: 9 | GR60: 10 | GT60: 1 | GU60: 2 | GV60: 3 | GW60: 4 | GX60: 5 | GY60: 6 | GZ60: 7 | HA60: 8 | HB60: 9 | HC60: 10 | HE60: 1 | HF60: 2 | HG60: 3 | HH60: 4 | HI60: 5 | HJ60: 6 | HK60: 7 | HL60: 8 | HM60: 9 | HN60: 10 | HP60: 1 | HQ60: 2 | HR60: 3 | HS60: 4 | HT60: 5 | HU60: 6 | HV60: 7 | HW60: 8 | HX60: 9 | HY60: 10 | IA60: 1 | IB60: 2 | IC60: 3 | ID60: 4 | IE60: 5 | IF60: 6 | IG60: 7 | IH60: 8 | II60: 9 | IJ60: 10 | IL60: 1 | IM60: 2 | IN60: 3 | IO60: 4 | IP60: 5 | IQ60: 6 | IR60: 7 | IS60: 8 | IT60: 9 | IU60: 10 | IW60: 1 | IX60: 2 | IY60: 3 | IZ60: 4 | JA60: 5 | JB60: 6 | JC60: 7 | JD60: 8 | JE60: 9 | JF60: 10 | JH60: 1 | JI60: 2 | JJ60: 3 | JK60: 4 | JL60: 5 | JM60: 6 | JN60: 7 | JO60: 8 | JP60: 9 | JQ60: 10 | JS60: 1 | JT60: 2 | JU60: 3 | JV60: 4 | JW60: 5 | JX60: 6 | JY60: 7 | JZ60: 8 | KA60: 9 | KB60: 10 | KD60: 1 | KE60: 2 | KF60: 3 | KG60: 4 | KH60: 5 | KI60: 6 | KJ60: 7 | KK60: 8 | KL60: 9 | KM60: 10 | KO60: 1 | KP60: 2 | KQ60: 3 | KR60: 4 | KS60: 5 | KT60: 6 | KU60: 7 | KV60: 8 | KW60: 9 | KX60: 10 | KZ60: 1 | LA60: 2 | LB60: 3 | LC60: 4 | LD60: 5 | LE60: 6 | LF60: 7 | LG60: 8 | LH60: 9 | LI60: 10 | LK60: 1 | LL60: 2 | LM60: 3 | LN60: 4 | LO60: 5 | LP60: 6 | LQ60: 7 | LR60: 8 | LS60: 9 | LT60: 10
C61: Notas ponderadas por RA | D61: RA1 | E61: RA2 | F61: RA3 | G61: RA4 | H61: RA5 | I61: RA6 | J61: RA7 | K61: RA8 | L61: RA9 | M61: RA10 | N61: Notas ponderadas por RA | O61: RA1 | P61: RA2 | Q61: RA3 | R61: RA4 | S61: RA5 | T61: RA6 | U61: RA7 | V61: RA8 | W61: RA9 | X61: RA10 | Y61: Notas ponderadas por RA | Z61: RA1 | AA61: RA2 | AB61: RA3 | AC61: RA4 | AD61: RA5 | AE61: RA6 | AF61: RA7 | AG61: RA8 | AH61: RA9 | AI61: RA10 | AJ61: Notas ponderadas por RA | AK61: RA1 | AL61: RA2 | AM61: RA3 | AN61: RA4 | AO61: RA5 | AP61: RA6 | AQ61: RA7 | AR61: RA8 | AS61: RA9 | AT61: RA10 | AU61: Notas ponderadas por RA | AV61: RA1 | AW61: RA2 | AX61: RA3 | AY61: RA4 | AZ61: RA5 | BA61: RA6 | BB61: RA7 | BC61: RA8 | BD61: RA9 | BE61: RA10 | BF61: Notas ponderadas por RA | BG61: RA1 | BH61: RA2 | BI61: RA3 | BJ61: RA4 | BK61: RA5 | BL61: RA6 | BM61: RA7 | BN61: RA8 | BO61: RA9 | BP61: RA10 | BQ61: Notas ponderadas por RA | BR61: RA1 | BS61: RA2 | BT61: RA3 | BU61: RA4 | BV61: RA5 | BW61: RA6 | BX61: RA7 | BY61: RA8 | BZ61: RA9 | CA61: RA10 | CB61: Notas ponderadas por RA | CC61: RA1 | CD61: RA2 | CE61: RA3 | CF61: RA4 | CG61: RA5 | CH61: RA6 | CI61: RA7 | CJ61: RA8 | CK61: RA9 | CL61: RA10 | CM61: Notas ponderadas por RA | CN61: RA1 | CO61: RA2 | CP61: RA3 | CQ61: RA4 | CR61: RA5 | CS61: RA6 | CT61: RA7 | CU61: RA8 | CV61: RA9 | CW61: RA10 | CX61: Notas ponderadas por RA | CY61: RA1 | CZ61: RA2 | DA61: RA3 | DB61: RA4 | DC61: RA5 | DD61: RA6 | DE61: RA7 | DF61: RA8 | DG61: RA9 | DH61: RA10 | DI61: Notas ponderadas por RA | DJ61: RA1 | DK61: RA2 | DL61: RA3 | DM61: RA4 | DN61: RA5 | DO61: RA6 | DP61: RA7 | DQ61: RA8 | DR61: RA9 | DS61: RA10 | DT61: Notas ponderadas por RA | DU61: RA1 | DV61: RA2 | DW61: RA3 | DX61: RA4 | DY61: RA5 | DZ61: RA6 | EA61: RA7 | EB61: RA8 | EC61: RA9 | ED61: RA10 | EE61: Notas ponderadas por RA | EF61: RA1 | EG61: RA2 | EH61: RA3 | EI61: RA4 | EJ61: RA5 | EK61: RA6 | EL61: RA7 | EM61: RA8 | EN61: RA9 | EO61: RA10 | EP61: Notas ponderadas por RA | EQ61: RA1 | ER61: RA2 | ES61: RA3 | ET61: RA4 | EU61: RA5 | EV61: RA6 | EW61: RA7 | EX61: RA8 | EY61: RA9 | EZ61: RA10 | FA61: Notas ponderadas por RA | FB61: RA1 | FC61: RA2 | FD61: RA3 | FE61: RA4 | FF61: RA5 | FG61: RA6 | FH61: RA7 | FI61: RA8 | FJ61: RA9 | FK61: RA10 | FL61: Notas ponderadas por RA | FM61: RA1 | FN61: RA2 | FO61: RA3 | FP61: RA4 | FQ61: RA5 | FR61: RA6 | FS61: RA7 | FT61: RA8 | FU61: RA9 | FV61: RA10 | FW61: Notas ponderadas por RA | FX61: RA1 | FY61: RA2 | FZ61: RA3 | GA61: RA4 | GB61: RA5 | GC61: RA6 | GD61: RA7 | GE61: RA8 | GF61: RA9 | GG61: RA10 | GH61: Notas ponderadas por RA | GI61: RA1 | GJ61: RA2 | GK61: RA3 | GL61: RA4 | GM61: RA5 | GN61: RA6 | GO61: RA7 | GP61: RA8 | GQ61: RA9 | GR61: RA10 | GS61: Notas ponderadas por RA | GT61: RA1 | GU61: RA2 | GV61: RA3 | GW61: RA4 | GX61: RA5 | GY61: RA6 | GZ61: RA7 | HA61: RA8 | HB61: RA9 | HC61: RA10 | HD61: Notas ponderadas por RA | HE61: RA1 | HF61: RA2 | HG61: RA3 | HH61: RA4 | HI61: RA5 | HJ61: RA6 | HK61: RA7 | HL61: RA8 | HM61: RA9 | HN61: RA10 | HO61: Notas ponderadas por RA | HP61: RA1 | HQ61: RA2 | HR61: RA3 | HS61: RA4 | HT61: RA5 | HU61: RA6 | HV61: RA7 | HW61: RA8 | HX61: RA9 | HY61: RA10 | HZ61: Notas ponderadas por RA | IA61: RA1 | IB61: RA2 | IC61: RA3 | ID61: RA4 | IE61: RA5 | IF61: RA6 | IG61: RA7 | IH61: RA8 | II61: RA9 | IJ61: RA10 | IK61: Notas ponderadas por RA | IL61: RA1 | IM61: RA2 | IN61: RA3 | IO61: RA4 | IP61: RA5 | IQ61: RA6 | IR61: RA7 | IS61: RA8 | IT61: RA9 | IU61: RA10 | IV61: Notas ponderadas por RA | IW61: RA1 | IX61: RA2 | IY61: RA3 | IZ61: RA4 | JA61: RA5 | JB61: RA6 | JC61: RA7 | JD61: RA8 | JE61: RA9 | JF61: RA10 | JG61: Notas ponderadas por RA | JH61: RA1 | JI61: RA2 | JJ61: RA3 | JK61: RA4 | JL61: RA5 | JM61: RA6 | JN61: RA7 | JO61: RA8 | JP61: RA9 | JQ61: RA10 | JR61: Notas ponderadas por RA | JS61: RA1 | JT61: RA2 | JU61: RA3 | JV61: RA4 | JW61: RA5 | JX61: RA6 | JY61: RA7 | JZ61: RA8 | KA61: RA9 | KB61: RA10 | KC61: Notas ponderadas por RA | KD61: RA1 | KE61: RA2 | KF61: RA3 | KG61: RA4 | KH61: RA5 | KI61: RA6 | KJ61: RA7 | KK61: RA8 | KL61: RA9 | KM61: RA10 | KN61: Notas ponderadas por RA | KO61: RA1 | KP61: RA2 | KQ61: RA3 | KR61: RA4 | KS61: RA5 | KT61: RA6 | KU61: RA7 | KV61: RA8 | KW61: RA9 | KX61: RA10 | KY61: Notas ponderadas por RA | KZ61: RA1 | LA61: RA2 | LB61: RA3 | LC61: RA4 | LD61: RA5 | LE61: RA6 | LF61: RA7 | LG61: RA8 | LH61: RA9 | LI61: RA10 | LJ61: Notas ponderadas por RA | LK61: RA1 | LL61: RA2 | LM61: RA3 | LN61: RA4 | LO61: RA5 | LP61: RA6 | LQ61: RA7 | LR61: RA8 | LS61: RA9 | LT61: RA10
C62: =B6 -> Alumno1 | D62: =IF((SUMIF($D$3:$M$3,D$60,$D$4:$M$4))=0,0,((SUMIF($D$3:$M$3,D$60,$D111:$M111))/SUMIF($D$3:$M$3,D$60,$D$4:$M$4))) -> 6.9 | E62: =IF((SUMIF($D$3:$M$3,E$60,$D$4:$M$4))=0,0,((SUMIF($D$3:$M$3,E$60,$D111:$M111))/SUMIF($D$3:$M$3,E$60,$D$4:$M$4))) -> 0 | F62: =IF((SUMIF($D$3:$M$3,F$60,$D$4:$M$4))=0,0,((SUMIF($D$3:$M$3,F$60,$D111:$M111))/SUMIF($D$3:$M$3,F$60,$D$4:$M$4))) -> 0 | G62: =IF((SUMIF($D$3:$M$3,G$60,$D$4:$M$4))=0,0,((SUMIF($D$3:$M$3,G$60,$D111:$M111))/SUMIF($D$3:$M$3,G$60,$D$4:$M$4))) -> 0 | H62: =IF((SUMIF($D$3:$M$3,H$60,$D$4:$M$4))=0,0,((SUMIF($D$3:$M$3,H$60,$D111:$M111))/SUMIF($D$3:$M$3,H$60,$D$4:$M$4))) -> 0 | I62: =IF((SUMIF($D$3:$M$3,I$60,$D$4:$M$4))=0,0,((SUMIF($D$3:$M$3,I$60,$D111:$M111))/SUMIF($D$3:$M$3,I$60,$D$4:$M$4))) -> 0 | J62: =IF((SUMIF($D$3:$M$3,J$60,$D$4:$M$4))=0,0,((SUMIF($D$3:$M$3,J$60,$D111:$M111))/SUMIF($D$3:$M$3,J$60,$D$4:$M$4))) -> 0 | K62: =IF((SUMIF($D$3:$M$3,K$60,$D$4:$M$4))=0,0,((SUMIF($D$3:$M$3,K$60,$D111:$M111))/SUMIF($D$3:$M$3,K$60,$D$4:$M$4))) -> 0 | ... M62: =IF((SUMIF($D$3:$M$3,M$60,$D$4:$M$4))=0,0,((SUMIF($D$3:$M$3,M$60,$D111:$M111))/SUMIF($D$3:$M$3,M$60,$D$4:$M$4))) -> 0 | N62: =C62 -> Alumno1 | O62: =IF((SUMIF($O$3:$X$3,O$60,$O$4:$X$4))=0,0,((SUMIF($O$3:$X$3,O$60,$O111:$X111))/SUMIF($O$3:$X$3,O$60,$O$4:$X$4))) -> 6.75 | P62: =IF((SUMIF($O$3:$X$3,P$60,$O$4:$X$4))=0,0,((SUMIF($O$3:$X$3,P$60,$O111:$X111))/SUMIF($O$3:$X$3,P$60,$O$4:$X$4))) -> 8 | Q62: =IF((SUMIF($O$3:$X$3,Q$60,$O$4:$X$4))=0,0,((SUMIF($O$3:$X$3,Q$60,$O111:$X111))/SUMIF($O$3:$X$3,Q$60,$O$4:$X$4))) -> 0 | R62: =IF((SUMIF($O$3:$X$3,R$60,$O$4:$X$4))=0,0,((SUMIF($O$3:$X$3,R$60,$O111:$X111))/SUMIF($O$3:$X$3,R$60,$O$4:$X$4))) -> 0 | S62: =IF((SUMIF($O$3:$X$3,S$60,$O$4:$X$4))=0,0,((SUMIF($O$3:$X$3,S$60,$O111:$X111))/SUMIF($O$3:$X$3,S$60,$O$4:$X$4))) -> 0 | T62: =IF((SUMIF($O$3:$X$3,T$60,$O$4:$X$4))=0,0,((SUMIF($O$3:$X$3,T$60,$O111:$X111))/SUMIF($O$3:$X$3,T$60,$O$4:$X$4))) -> 0 | U62: =IF((SUMIF($O$3:$X$3,U$60,$O$4:$X$4))=0,0,((SUMIF($O$3:$X$3,U$60,$O111:$X111))/SUMIF($O$3:$X$3,U$60,$O$4:$X$4))) -> 0 | V62: =IF((SUMIF($O$3:$X$3,V$60,$O$4:$X$4))=0,0,((SUMIF($O$3:$X$3,V$60,$O111:$X111))/SUMIF($O$3:$X$3,V$60,$O$4:$X$4))) -> 0 | ... X62: =IF((SUMIF($O$3:$X$3,X$60,$O$4:$X$4))=0,0,((SUMIF($O$3:$X$3,X$60,$O111:$X111))/SUMIF($O$3:$X$3,X$60,$O$4:$X$4))) -> 0 | Y62: =N62 -> Alumno1 | Z62: =IF((SUMIF($Z$3:$AI$3,Z$60,$Z$4:$AI$4))=0,0,((SUMIF($Z$3:$AI$3,Z$60,$Z111:$AI111))/SUMIF($Z$3:$AI$3,Z$60,$Z$4:$AI$4))) -> 6.5 | AA62: =IF((SUMIF($Z$3:$AI$3,AA$60,$Z$4:$AI$4))=0,0,((SUMIF($Z$3:$AI$3,AA$60,$Z111:$AI111))/SUMIF($Z$3:$AI$3,AA$60,$Z$4:$AI$4))) -> 8.5 | AB62: =IF((SUMIF($Z$3:$AI$3,AB$60,$Z$4:$AI$4))=0,0,((SUMIF($Z$3:$AI$3,AB$60,$Z111:$AI111))/SUMIF($Z$3:$AI$3,AB$60,$Z$4:$AI$4))) -> 5 | AC62: =IF((SUMIF($Z$3:$AI$3,AC$60,$Z$4:$AI$4))=0,0,((SUMIF($Z$3:$AI$3,AC$60,$Z111:$AI111))/SUMIF($Z$3:$AI$3,AC$60,$Z$4:$AI$4))) -> 0 | AD62: =IF((SUMIF($Z$3:$AI$3,AD$60,$Z$4:$AI$4))=0,0,((SUMIF($Z$3:$AI$3,AD$60,$Z111:$AI111))/SUMIF($Z$3:$AI$3,AD$60,$Z$4:$AI$4))) -> 0 | AE62: =IF((SUMIF($Z$3:$AI$3,AE$60,$Z$4:$AI$4))=0,0,((SUMIF($Z$3:$AI$3,AE$60,$Z111:$AI111))/SUMIF($Z$3:$AI$3,AE$60,$Z$4:$AI$4))) -> 0 | AF62: =IF((SUMIF($Z$3:$AI$3,AF$60,$Z$4:$AI$4))=0,0,((SUMIF($Z$3:$AI$3,AF$60,$Z111:$AI111))/SUMIF($Z$3:$AI$3,AF$60,$Z$4:$AI$4))) -> 0 | AG62: =IF((SUMIF($Z$3:$AI$3,AG$60,$Z$4:$AI$4))=0,0,((SUMIF($Z$3:$AI$3,AG$60,$Z111:$AI111))/SUMIF($Z$3:$AI$3,AG$60,$Z$4:$AI$4))) -> 0 | ... AI62: =IF((SUMIF($Z$3:$AI$3,AI$60,$Z$4:$AI$4))=0,0,((SUMIF($Z$3:$AI$3,AI$60,$Z111:$AI111))/SUMIF($Z$3:$AI$3,AI$60,$Z$4:$AI$4))) -> 0 | AJ62: =Y62 -> Alumno1 | AK62: =IF((SUMIF($AK$3:$AT$3,AK$60,$AK$4:$AT$4))=0,0,((SUMIF($AK$3:$AT$3,AK$60,$AK111:$AT111))/SUMIF($AK$3:$AT$3,AK$60,$AK$4:$AT$4))) -> 6 | AL62: =IF((SUMIF($AK$3:$AT$3,AL$60,$AK$4:$AT$4))=0,0,((SUMIF($AK$3:$AT$3,AL$60,$AK111:$AT111))/SUMIF($AK$3:$AT$3,AL$60,$AK$4:$AT$4))) -> 6 | AM62: =IF((SUMIF($AK$3:$AT$3,AM$60,$AK$4:$AT$4))=0,0,((SUMIF($AK$3:$AT$3,AM$60,$AK111:$AT111))/SUMIF($AK$3:$AT$3,AM$60,$AK$4:$AT$4))) -> 8.5 | AN62: =IF((SUMIF($AK$3:$AT$3,AN$60,$AK$4:$AT$4))=0,0,((SUMIF($AK$3:$AT$3,AN$60,$AK111:$AT111))/SUMIF($AK$3:$AT$3,AN$60,$AK$4:$AT$4))) -> 0 | AO62: =IF((SUMIF($AK$3:$AT$3,AO$60,$AK$4:$AT$4))=0,0,((SUMIF($AK$3:$AT$3,AO$60,$AK111:$AT111))/SUMIF($AK$3:$AT$3,AO$60,$AK$4:$AT$4))) -> 0 | AP62: =IF((SUMIF($AK$3:$AT$3,AP$60,$AK$4:$AT$4))=0,0,((SUMIF($AK$3:$AT$3,AP$60,$AK111:$AT111))/SUMIF($AK$3:$AT$3,AP$60,$AK$4:$AT$4))) -> 0 | AQ62: =IF((SUMIF($AK$3:$AT$3,AQ$60,$AK$4:$AT$4))=0,0,((SUMIF($AK$3:$AT$3,AQ$60,$AK111:$AT111))/SUMIF($AK$3:$AT$3,AQ$60,$AK$4:$AT$4))) -> 0 | AR62: =IF((SUMIF($AK$3:$AT$3,AR$60,$AK$4:$AT$4))=0,0,((SUMIF($AK$3:$AT$3,AR$60,$AK111:$AT111))/SUMIF($AK$3:$AT$3,AR$60,$AK$4:$AT$4))) -> 0 | ... AT62: =IF((SUMIF($AK$3:$AT$3,AT$60,$AK$4:$AT$4))=0,0,((SUMIF($AK$3:$AT$3,AT$60,$AK111:$AT111))/SUMIF($AK$3:$AT$3,AT$60,$AK$4:$AT$4))) -> 0 | AU62: =AJ62 -> Alumno1 | AV62: =IF((SUMIF($AV$3:$BE$3,AV$60,$AV$4:$BE$4))=0,0,((SUMIF($AV$3:$BE$3,AV$60,$AV111:$BE111))/SUMIF($AV$3:$BE$3,AV$60,$AV$4:$BE$4))) -> 8 | AW62: =IF((SUMIF($AV$3:$BE$3,AW$60,$AV$4:$BE$4))=0,0,((SUMIF($AV$3:$BE$3,AW$60,$AV111:$BE111))/SUMIF($AV$3:$BE$3,AW$60,$AV$4:$BE$4))) -> 5 | AX62: =IF((SUMIF($AV$3:$BE$3,AX$60,$AV$4:$BE$4))=0,0,((SUMIF($AV$3:$BE$3,AX$60,$AV111:$BE111))/SUMIF($AV$3:$BE$3,AX$60,$AV$4:$BE$4))) -> 5.2 | AY62: =IF((SUMIF($AV$3:$BE$3,AY$60,$AV$4:$BE$4))=0,0,((SUMIF($AV$3:$BE$3,AY$60,$AV111:$BE111))/SUMIF($AV$3:$BE$3,AY$60,$AV$4:$BE$4))) -> 9 | AZ62: =IF((SUMIF($AV$3:$BE$3,AZ$60,$AV$4:$BE$4))=0,0,((SUMIF($AV$3:$BE$3,AZ$60,$AV111:$BE111))/SUMIF($AV$3:$BE$3,AZ$60,$AV$4:$BE$4))) -> 0 | BA62: =IF((SUMIF($AV$3:$BE$3,BA$60,$AV$4:$BE$4))=0,0,((SUMIF($AV$3:$BE$3,BA$60,$AV111:$BE111))/SUMIF($AV$3:$BE$3,BA$60,$AV$4:$BE$4))) -> 0 | BB62: =IF((SUMIF($AV$3:$BE$3,BB$60,$AV$4:$BE$4))=0,0,((SUMIF($AV$3:$BE$3,BB$60,$AV111:$BE111))/SUMIF($AV$3:$BE$3,BB$60,$AV$4:$BE$4))) -> 0 | BC62: =IF((SUMIF($AV$3:$BE$3,BC$60,$AV$4:$BE$4))=0,0,((SUMIF($AV$3:$BE$3,BC$60,$AV111:$BE111))/SUMIF($AV$3:$BE$3,BC$60,$AV$4:$BE$4))) -> 0 | ... BE62: =IF((SUMIF($AV$3:$BE$3,BE$60,$AV$4:$BE$4))=0,0,((SUMIF($AV$3:$BE$3,BE$60,$AV111:$BE111))/SUMIF($AV$3:$BE$3,BE$60,$AV$4:$BE$4))) -> 0 | BF62: =AU62 -> Alumno1 | BG62: =IF((SUMIF($BG$3:$BP$3,BG$60,$BG$4:$BP$4))=0,0,((SUMIF($BG$3:$BP$3,BG$60,$BG111:$BP111))/SUMIF($BG$3:$BP$3,BG$60,$BG$4:$BP$4))) -> 8 | BH62: =IF((SUMIF($BG$3:$BP$3,BH$60,$BG$4:$BP$4))=0,0,((SUMIF($BG$3:$BP$3,BH$60,$BG111:$BP111))/SUMIF($BG$3:$BP$3,BH$60,$BG$4:$BP$4))) -> 5 | BI62: =IF((SUMIF($BG$3:$BP$3,BI$60,$BG$4:$BP$4))=0,0,((SUMIF($BG$3:$BP$3,BI$60,$BG111:$BP111))/SUMIF($BG$3:$BP$3,BI$60,$BG$4:$BP$4))) -> 7 | BJ62: =IF((SUMIF($BG$3:$BP$3,BJ$60,$BG$4:$BP$4))=0,0,((SUMIF($BG$3:$BP$3,BJ$60,$BG111:$BP111))/SUMIF($BG$3:$BP$3,BJ$60,$BG$4:$BP$4))) -> 7 | BK62: =IF((SUMIF($BG$3:$BP$3,BK$60,$BG$4:$BP$4))=0,0,((SUMIF($BG$3:$BP$3,BK$60,$BG111:$BP111))/SUMIF($BG$3:$BP$3,BK$60,$BG$4:$BP$4))) -> 0 | BL62: =IF((SUMIF($BG$3:$BP$3,BL$60,$BG$4:$BP$4))=0,0,((SUMIF($BG$3:$BP$3,BL$60,$BG111:$BP111))/SUMIF($BG$3:$BP$3,BL$60,$BG$4:$BP$4))) -> 0 | BM62: =IF((SUMIF($BG$3:$BP$3,BM$60,$BG$4:$BP$4))=0,0,((SUMIF($BG$3:$BP$3,BM$60,$BG111:$BP111))/SUMIF($BG$3:$BP$3,BM$60,$BG$4:$BP$4))) -> 0 | BN62: =IF((SUMIF($BG$3:$BP$3,BN$60,$BG$4:$BP$4))=0,0,((SUMIF($BG$3:$BP$3,BN$60,$BG111:$BP111))/SUMIF($BG$3:$BP$3,BN$60,$BG$4:$BP$4))) -> 0 | ... BP62: =IF((SUMIF($BG$3:$BP$3,BP$60,$BG$4:$BP$4))=0,0,((SUMIF($BG$3:$BP$3,BP$60,$BG111:$BP111))/SUMIF($BG$3:$BP$3,BP$60,$BG$4:$BP$4))) -> 0 | BQ62: =BF62 -> Alumno1 | BR62: =IF((SUMIF($BR$3:$CA$3,BR$60,$BR$4:$CA$4))=0,0,((SUMIF($BR$3:$CA$3,BR$60,$BR111:$CA111))/SUMIF($BR$3:$CA$3,BR$60,$BR$4:$CA$4))) -> 0 | BS62: =IF((SUMIF($BR$3:$CA$3,BS$60,$BR$4:$CA$4))=0,0,((SUMIF($BR$3:$CA$3,BS$60,$BR111:$CA111))/SUMIF($BR$3:$CA$3,BS$60,$BR$4:$CA$4))) -> 4 | BT62: =IF((SUMIF($BR$3:$CA$3,BT$60,$BR$4:$CA$4))=0,0,((SUMIF($BR$3:$CA$3,BT$60,$BR111:$CA111))/SUMIF($BR$3:$CA$3,BT$60,$BR$4:$CA$4))) -> 4.3333333 | BU62: =IF((SUMIF($BR$3:$CA$3,BU$60,$BR$4:$CA$4))=0,0,((SUMIF($BR$3:$CA$3,BU$60,$BR111:$CA111))/SUMIF($BR$3:$CA$3,BU$60,$BR$4:$CA$4))) -> 4.8 | BV62: =IF((SUMIF($BR$3:$CA$3,BV$60,$BR$4:$CA$4))=0,0,((SUMIF($BR$3:$CA$3,BV$60,$BR111:$CA111))/SUMIF($BR$3:$CA$3,BV$60,$BR$4:$CA$4))) -> 0 | BW62: =IF((SUMIF($BR$3:$CA$3,BW$60,$BR$4:$CA$4))=0,0,((SUMIF($BR$3:$CA$3,BW$60,$BR111:$CA111))/SUMIF($BR$3:$CA$3,BW$60,$BR$4:$CA$4))) -> 0 | BX62: =IF((SUMIF($BR$3:$CA$3,BX$60,$BR$4:$CA$4))=0,0,((SUMIF($BR$3:$CA$3,BX$60,$BR111:$CA111))/SUMIF($BR$3:$CA$3,BX$60,$BR$4:$CA$4))) -> 0 | BY62: =IF((SUMIF($BR$3:$CA$3,BY$60,$BR$4:$CA$4))=0,0,((SUMIF($BR$3:$CA$3,BY$60,$BR111:$CA111))/SUMIF($BR$3:$CA$3,BY$60,$BR$4:$CA$4))) -> 0 | ... CA62: =IF((SUMIF($BR$3:$CA$3,CA$60,$BR$4:$CA$4))=0,0,((SUMIF($BR$3:$CA$3,CA$60,$BR111:$CA111))/SUMIF($BR$3:$CA$3,CA$60,$BR$4:$CA$4))) -> 0 | CB62: =BQ62 -> Alumno1 | CC62: =IF((SUMIF($CC$3:$CL$3,CC$60,$CC$4:$CL$4))=0,0,((SUMIF($CC$3:$CL$3,CC$60,$CC111:$CL111))/SUMIF($CC$3:$CL$3,CC$60,$CC$4:$CL$4))) -> 0 | CD62: =IF((SUMIF($CC$3:$CL$3,CD$60,$CC$4:$CL$4))=0,0,((SUMIF($CC$3:$CL$3,CD$60,$CC111:$CL111))/SUMIF($CC$3:$CL$3,CD$60,$CC$4:$CL$4))) -> 0 | CE62: =IF((SUMIF($CC$3:$CL$3,CE$60,$CC$4:$CL$4))=0,0,((SUMIF($CC$3:$CL$3,CE$60,$CC111:$CL111))/SUMIF($CC$3:$CL$3,CE$60,$CC$4:$CL$4))) -> 0 | CF62: =IF((SUMIF($CC$3:$CL$3,CF$60,$CC$4:$CL$4))=0,0,((SUMIF($CC$3:$CL$3,CF$60,$CC111:$CL111))/SUMIF($CC$3:$CL$3,CF$60,$CC$4:$CL$4))) -> 0 | CG62: =IF((SUMIF($CC$3:$CL$3,CG$60,$CC$4:$CL$4))=0,0,((SUMIF($CC$3:$CL$3,CG$60,$CC111:$CL111))/SUMIF($CC$3:$CL$3,CG$60,$CC$4:$CL$4))) -> 0 | CH62: =IF((SUMIF($CC$3:$CL$3,CH$60,$CC$4:$CL$4))=0,0,((SUMIF($CC$3:$CL$3,CH$60,$CC111:$CL111))/SUMIF($CC$3:$CL$3,CH$60,$CC$4:$CL$4))) -> 0 | CI62: =IF((SUMIF($CC$3:$CL$3,CI$60,$CC$4:$CL$4))=0,0,((SUMIF($CC$3:$CL$3,CI$60,$CC111:$CL111))/SUMIF($CC$3:$CL$3,CI$60,$CC$4:$CL$4))) -> 0 | CJ62: =IF((SUMIF($CC$3:$CL$3,CJ$60,$CC$4:$CL$4))=0,0,((SUMIF($CC$3:$CL$3,CJ$60,$CC111:$CL111))/SUMIF($CC$3:$CL$3,CJ$60,$CC$4:$CL$4))) -> 0 | ... CL62: =IF((SUMIF($CC$3:$CL$3,CL$60,$CC$4:$CL$4))=0,0,((SUMIF($CC$3:$CL$3,CL$60,$CC111:$CL111))/SUMIF($CC$3:$CL$3,CL$60,$CC$4:$CL$4))) -> 0 | CM62: =CB62 -> Alumno1 | CN62: =IF((SUMIF($CN$3:$CW$3,CN$60,$CN$4:$CW$4))=0,0,((SUMIF($CN$3:$CW$3,CN$60,$CN111:$CW111))/SUMIF($CN$3:$CW$3,CN$60,$CN$4:$CW$4))) -> 0 | CO62: =IF((SUMIF($CN$3:$CW$3,CO$60,$CN$4:$CW$4))=0,0,((SUMIF($CN$3:$CW$3,CO$60,$CN111:$CW111))/SUMIF($CN$3:$CW$3,CO$60,$CN$4:$CW$4))) -> 0 | CP62: =IF((SUMIF($CN$3:$CW$3,CP$60,$CN$4:$CW$4))=0,0,((SUMIF($CN$3:$CW$3,CP$60,$CN111:$CW111))/SUMIF($CN$3:$CW$3,CP$60,$CN$4:$CW$4))) -> 0 | CQ62: =IF((SUMIF($CN$3:$CW$3,CQ$60,$CN$4:$CW$4))=0,0,((SUMIF($CN$3:$CW$3,CQ$60,$CN111:$CW111))/SUMIF($CN$3:$CW$3,CQ$60,$CN$4:$CW$4))) -> 0 | CR62: =IF((SUMIF($CN$3:$CW$3,CR$60,$CN$4:$CW$4))=0,0,((SUMIF($CN$3:$CW$3,CR$60,$CN111:$CW111))/SUMIF($CN$3:$CW$3,CR$60,$CN$4:$CW$4))) -> 0 | CS62: =IF((SUMIF($CN$3:$CW$3,CS$60,$CN$4:$CW$4))=0,0,((SUMIF($CN$3:$CW$3,CS$60,$CN111:$CW111))/SUMIF($CN$3:$CW$3,CS$60,$CN$4:$CW$4))) -> 0 | CT62: =IF((SUMIF($CN$3:$CW$3,CT$60,$CN$4:$CW$4))=0,0,((SUMIF($CN$3:$CW$3,CT$60,$CN111:$CW111))/SUMIF($CN$3:$CW$3,CT$60,$CN$4:$CW$4))) -> 0 | CU62: =IF((SUMIF($CN$3:$CW$3,CU$60,$CN$4:$CW$4))=0,0,((SUMIF($CN$3:$CW$3,CU$60,$CN111:$CW111))/SUMIF($CN$3:$CW$3,CU$60,$CN$4:$CW$4))) -> 0 | ... CW62: =IF((SUMIF($CN$3:$CW$3,CW$60,$CN$4:$CW$4))=0,0,((SUMIF($CN$3:$CW$3,CW$60,$CN111:$CW111))/SUMIF($CN$3:$CW$3,CW$60,$CN$4:$CW$4))) -> 0 | CX62: =CM62 -> Alumno1 | CY62: =IF((SUMIF($CY$3:$DH$3,CY$60,$CY$4:$DH$4))=0,0,((SUMIF($CY$3:$DH$3,CY$60,$CY111:$DH111))/SUMIF($CY$3:$DH$3,CY$60,$CY$4:$DH$4))) -> 0 | CZ62: =IF((SUMIF($CY$3:$DH$3,CZ$60,$CY$4:$DH$4))=0,0,((SUMIF($CY$3:$DH$3,CZ$60,$CY111:$DH111))/SUMIF($CY$3:$DH$3,CZ$60,$CY$4:$DH$4))) -> 0 | DA62: =IF((SUMIF($CY$3:$DH$3,DA$60,$CY$4:$DH$4))=0,0,((SUMIF($CY$3:$DH$3,DA$60,$CY111:$DH111))/SUMIF($CY$3:$DH$3,DA$60,$CY$4:$DH$4))) -> 0 | DB62: =IF((SUMIF($CY$3:$DH$3,DB$60,$CY$4:$DH$4))=0,0,((SUMIF($CY$3:$DH$3,DB$60,$CY111:$DH111))/SUMIF($CY$3:$DH$3,DB$60,$CY$4:$DH$4))) -> 0 | DC62: =IF((SUMIF($CY$3:$DH$3,DC$60,$CY$4:$DH$4))=0,0,((SUMIF($CY$3:$DH$3,DC$60,$CY111:$DH111))/SUMIF($CY$3:$DH$3,DC$60,$CY$4:$DH$4))) -> 0 | DD62: =IF((SUMIF($CY$3:$DH$3,DD$60,$CY$4:$DH$4))=0,0,((SUMIF($CY$3:$DH$3,DD$60,$CY111:$DH111))/SUMIF($CY$3:$DH$3,DD$60,$CY$4:$DH$4))) -> 0 | DE62: =IF((SUMIF($CY$3:$DH$3,DE$60,$CY$4:$DH$4))=0,0,((SUMIF($CY$3:$DH$3,DE$60,$CY111:$DH111))/SUMIF($CY$3:$DH$3,DE$60,$CY$4:$DH$4))) -> 0 | DF62: =IF((SUMIF($CY$3:$DH$3,DF$60,$CY$4:$DH$4))=0,0,((SUMIF($CY$3:$DH$3,DF$60,$CY111:$DH111))/SUMIF($CY$3:$DH$3,DF$60,$CY$4:$DH$4))) -> 0 | ... DH62: =IF((SUMIF($CY$3:$DH$3,DH$60,$CY$4:$DH$4))=0,0,((SUMIF($CY$3:$DH$3,DH$60,$CY111:$DH111))/SUMIF($CY$3:$DH$3,DH$60,$CY$4:$DH$4))) -> 0 | DI62: =CX62 -> Alumno1 | DJ62: =IF((SUMIF($DJ$3:$DS$3,DJ$60,$DJ$4:$DS$4))=0,0,((SUMIF($DJ$3:$DS$3,DJ$60,$DJ111:$DS111))/SUMIF($DJ$3:$DS$3,DJ$60,$DJ$4:$DS$4))) -> 0 | DK62: =IF((SUMIF($DJ$3:$DS$3,DK$60,$DJ$4:$DS$4))=0,0,((SUMIF($DJ$3:$DS$3,DK$60,$DJ111:$DS111))/SUMIF($DJ$3:$DS$3,DK$60,$DJ$4:$DS$4))) -> 0 | DL62: =IF((SUMIF($DJ$3:$DS$3,DL$60,$DJ$4:$DS$4))=0,0,((SUMIF($DJ$3:$DS$3,DL$60,$DJ111:$DS111))/SUMIF($DJ$3:$DS$3,DL$60,$DJ$4:$DS$4))) -> 0 | DM62: =IF((SUMIF($DJ$3:$DS$3,DM$60,$DJ$4:$DS$4))=0,0,((SUMIF($DJ$3:$DS$3,DM$60,$DJ111:$DS111))/SUMIF($DJ$3:$DS$3,DM$60,$DJ$4:$DS$4))) -> 0 | DN62: =IF((SUMIF($DJ$3:$DS$3,DN$60,$DJ$4:$DS$4))=0,0,((SUMIF($DJ$3:$DS$3,DN$60,$DJ111:$DS111))/SUMIF($DJ$3:$DS$3,DN$60,$DJ$4:$DS$4))) -> 0 | DO62: =IF((SUMIF($DJ$3:$DS$3,DO$60,$DJ$4:$DS$4))=0,0,((SUMIF($DJ$3:$DS$3,DO$60,$DJ111:$DS111))/SUMIF($DJ$3:$DS$3,DO$60,$DJ$4:$DS$4))) -> 0 | DP62: =IF((SUMIF($DJ$3:$DS$3,DP$60,$DJ$4:$DS$4))=0,0,((SUMIF($DJ$3:$DS$3,DP$60,$DJ111:$DS111))/SUMIF($DJ$3:$DS$3,DP$60,$DJ$4:$DS$4))) -> 0 | DQ62: =IF((SUMIF($DJ$3:$DS$3,DQ$60,$DJ$4:$DS$4))=0,0,((SUMIF($DJ$3:$DS$3,DQ$60,$DJ111:$DS111))/SUMIF($DJ$3:$DS$3,DQ$60,$DJ$4:$DS$4))) -> 0 | ... DS62: =IF((SUMIF($DJ$3:$DS$3,DS$60,$DJ$4:$DS$4))=0,0,((SUMIF($DJ$3:$DS$3,DS$60,$DJ111:$DS111))/SUMIF($DJ$3:$DS$3,DS$60,$DJ$4:$DS$4))) -> 0 | DT62: =DI62 -> Alumno1 | DU62: =IF((SUMIF($DU$3:$ED$3,DU$60,$DU$4:$ED$4))=0,0,((SUMIF($DU$3:$ED$3,DU$60,$DU111:$ED111))/SUMIF($DU$3:$ED$3,DU$60,$DU$4:$ED$4))) -> 0 | DV62: =IF((SUMIF($DU$3:$ED$3,DV$60,$DU$4:$ED$4))=0,0,((SUMIF($DU$3:$ED$3,DV$60,$DU111:$ED111))/SUMIF($DU$3:$ED$3,DV$60,$DU$4:$ED$4))) -> 0 | DW62: =IF((SUMIF($DU$3:$ED$3,DW$60,$DU$4:$ED$4))=0,0,((SUMIF($DU$3:$ED$3,DW$60,$DU111:$ED111))/SUMIF($DU$3:$ED$3,DW$60,$DU$4:$ED$4))) -> 0 | DX62: =IF((SUMIF($DU$3:$ED$3,DX$60,$DU$4:$ED$4))=0,0,((SUMIF($DU$3:$ED$3,DX$60,$DU111:$ED111))/SUMIF($DU$3:$ED$3,DX$60,$DU$4:$ED$4))) -> 0 | DY62: =IF((SUMIF($DU$3:$ED$3,DY$60,$DU$4:$ED$4))=0,0,((SUMIF($DU$3:$ED$3,DY$60,$DU111:$ED111))/SUMIF($DU$3:$ED$3,DY$60,$DU$4:$ED$4))) -> 0 | DZ62: =IF((SUMIF($DU$3:$ED$3,DZ$60,$DU$4:$ED$4))=0,0,((SUMIF($DU$3:$ED$3,DZ$60,$DU111:$ED111))/SUMIF($DU$3:$ED$3,DZ$60,$DU$4:$ED$4))) -> 0 | EA62: =IF((SUMIF($DU$3:$ED$3,EA$60,$DU$4:$ED$4))=0,0,((SUMIF($DU$3:$ED$3,EA$60,$DU111:$ED111))/SUMIF($DU$3:$ED$3,EA$60,$DU$4:$ED$4))) -> 0 | EB62: =IF((SUMIF($DU$3:$ED$3,EB$60,$DU$4:$ED$4))=0,0,((SUMIF($DU$3:$ED$3,EB$60,$DU111:$ED111))/SUMIF($DU$3:$ED$3,EB$60,$DU$4:$ED$4))) -> 0 | ... ED62: =IF((SUMIF($DU$3:$ED$3,ED$60,$DU$4:$ED$4))=0,0,((SUMIF($DU$3:$ED$3,ED$60,$DU111:$ED111))/SUMIF($DU$3:$ED$3,ED$60,$DU$4:$ED$4))) -> 0 | EE62: =DT62 -> Alumno1 | EF62: =IF((SUMIF($EF$3:$EO$3,EF$60,$EF$4:$EO$4))=0,0,((SUMIF($EF$3:$EO$3,EF$60,$EF111:$EO111))/SUMIF($EF$3:$EO$3,EF$60,$EF$4:$EO$4))) -> 0 | EG62: =IF((SUMIF($EF$3:$EO$3,EG$60,$EF$4:$EO$4))=0,0,((SUMIF($EF$3:$EO$3,EG$60,$EF111:$EO111))/SUMIF($EF$3:$EO$3,EG$60,$EF$4:$EO$4))) -> 0 | EH62: =IF((SUMIF($EF$3:$EO$3,EH$60,$EF$4:$EO$4))=0,0,((SUMIF($EF$3:$EO$3,EH$60,$EF111:$EO111))/SUMIF($EF$3:$EO$3,EH$60,$EF$4:$EO$4))) -> 0 | EI62: =IF((SUMIF($EF$3:$EO$3,EI$60,$EF$4:$EO$4))=0,0,((SUMIF($EF$3:$EO$3,EI$60,$EF111:$EO111))/SUMIF($EF$3:$EO$3,EI$60,$EF$4:$EO$4))) -> 0 | EJ62: =IF((SUMIF($EF$3:$EO$3,EJ$60,$EF$4:$EO$4))=0,0,((SUMIF($EF$3:$EO$3,EJ$60,$EF111:$EO111))/SUMIF($EF$3:$EO$3,EJ$60,$EF$4:$EO$4))) -> 0 | EK62: =IF((SUMIF($EF$3:$EO$3,EK$60,$EF$4:$EO$4))=0,0,((SUMIF($EF$3:$EO$3,EK$60,$EF111:$EO111))/SUMIF($EF$3:$EO$3,EK$60,$EF$4:$EO$4))) -> 0 | EL62: =IF((SUMIF($EF$3:$EO$3,EL$60,$EF$4:$EO$4))=0,0,((SUMIF($EF$3:$EO$3,EL$60,$EF111:$EO111))/SUMIF($EF$3:$EO$3,EL$60,$EF$4:$EO$4))) -> 0 | EM62: =IF((SUMIF($EF$3:$EO$3,EM$60,$EF$4:$EO$4))=0,0,((SUMIF($EF$3:$EO$3,EM$60,$EF111:$EO111))/SUMIF($EF$3:$EO$3,EM$60,$EF$4:$EO$4))) -> 0 | ... EO62: =IF((SUMIF($EF$3:$EO$3,EO$60,$EF$4:$EO$4))=0,0,((SUMIF($EF$3:$EO$3,EO$60,$EF111:$EO111))/SUMIF($EF$3:$EO$3,EO$60,$EF$4:$EO$4))) -> 0 | EP62: =EE62 -> Alumno1 | EQ62: =IF((SUMIF($EQ$3:$EZ$3,EQ$60,$EQ$4:$EZ$4))=0,0,((SUMIF($EQ$3:$EZ$3,EQ$60,$EQ111:$EZ111))/SUMIF($EQ$3:$EZ$3,EQ$60,$EQ$4:$EZ$4))) -> 0 | ER62: =IF((SUMIF($EQ$3:$EZ$3,ER$60,$EQ$4:$EZ$4))=0,0,((SUMIF($EQ$3:$EZ$3,ER$60,$EQ111:$EZ111))/SUMIF($EQ$3:$EZ$3,ER$60,$EQ$4:$EZ$4))) -> 0 | ES62: =IF((SUMIF($EQ$3:$EZ$3,ES$60,$EQ$4:$EZ$4))=0,0,((SUMIF($EQ$3:$EZ$3,ES$60,$EQ111:$EZ111))/SUMIF($EQ$3:$EZ$3,ES$60,$EQ$4:$EZ$4))) -> 0 | ET62: =IF((SUMIF($EQ$3:$EZ$3,ET$60,$EQ$4:$EZ$4))=0,0,((SUMIF($EQ$3:$EZ$3,ET$60,$EQ111:$EZ111))/SUMIF($EQ$3:$EZ$3,ET$60,$EQ$4:$EZ$4))) -> 0 | EU62: =IF((SUMIF($EQ$3:$EZ$3,EU$60,$EQ$4:$EZ$4))=0,0,((SUMIF($EQ$3:$EZ$3,EU$60,$EQ111:$EZ111))/SUMIF($EQ$3:$EZ$3,EU$60,$EQ$4:$EZ$4))) -> 0 | EV62: =IF((SUMIF($EQ$3:$EZ$3,EV$60,$EQ$4:$EZ$4))=0,0,((SUMIF($EQ$3:$EZ$3,EV$60,$EQ111:$EZ111))/SUMIF($EQ$3:$EZ$3,EV$60,$EQ$4:$EZ$4))) -> 0 | EW62: =IF((SUMIF($EQ$3:$EZ$3,EW$60,$EQ$4:$EZ$4))=0,0,((SUMIF($EQ$3:$EZ$3,EW$60,$EQ111:$EZ111))/SUMIF($EQ$3:$EZ$3,EW$60,$EQ$4:$EZ$4))) -> 0 | EX62: =IF((SUMIF($EQ$3:$EZ$3,EX$60,$EQ$4:$EZ$4))=0,0,((SUMIF($EQ$3:$EZ$3,EX$60,$EQ111:$EZ111))/SUMIF($EQ$3:$EZ$3,EX$60,$EQ$4:$EZ$4))) -> 0 | ... EZ62: =IF((SUMIF($EQ$3:$EZ$3,EZ$60,$EQ$4:$EZ$4))=0,0,((SUMIF($EQ$3:$EZ$3,EZ$60,$EQ111:$EZ111))/SUMIF($EQ$3:$EZ$3,EZ$60,$EQ$4:$EZ$4))) -> 0 | FA62: =EP62 -> Alumno1 | FB62: =IF((SUMIF($FB$3:$FK$3,FB$60,$FB$4:$FK$4))=0,0,((SUMIF($FB$3:$FK$3,FB$60,$FB111:$FK111))/SUMIF($FB$3:$FK$3,FB$60,$FB$4:$FK$4))) -> 0 | FC62: =IF((SUMIF($FB$3:$FK$3,FC$60,$FB$4:$FK$4))=0,0,((SUMIF($FB$3:$FK$3,FC$60,$FB111:$FK111))/SUMIF($FB$3:$FK$3,FC$60,$FB$4:$FK$4))) -> 0 | FD62: =IF((SUMIF($FB$3:$FK$3,FD$60,$FB$4:$FK$4))=0,0,((SUMIF($FB$3:$FK$3,FD$60,$FB111:$FK111))/SUMIF($FB$3:$FK$3,FD$60,$FB$4:$FK$4))) -> 0 | FE62: =IF((SUMIF($FB$3:$FK$3,FE$60,$FB$4:$FK$4))=0,0,((SUMIF($FB$3:$FK$3,FE$60,$FB111:$FK111))/SUMIF($FB$3:$FK$3,FE$60,$FB$4:$FK$4))) -> 0 | FF62: =IF((SUMIF($FB$3:$FK$3,FF$60,$FB$4:$FK$4))=0,0,((SUMIF($FB$3:$FK$3,FF$60,$FB111:$FK111))/SUMIF($FB$3:$FK$3,FF$60,$FB$4:$FK$4))) -> 0 | FG62: =IF((SUMIF($FB$3:$FK$3,FG$60,$FB$4:$FK$4))=0,0,((SUMIF($FB$3:$FK$3,FG$60,$FB111:$FK111))/SUMIF($FB$3:$FK$3,FG$60,$FB$4:$FK$4))) -> 0 | FH62: =IF((SUMIF($FB$3:$FK$3,FH$60,$FB$4:$FK$4))=0,0,((SUMIF($FB$3:$FK$3,FH$60,$FB111:$FK111))/SUMIF($FB$3:$FK$3,FH$60,$FB$4:$FK$4))) -> 0 | FI62: =IF((SUMIF($FB$3:$FK$3,FI$60,$FB$4:$FK$4))=0,0,((SUMIF($FB$3:$FK$3,FI$60,$FB111:$FK111))/SUMIF($FB$3:$FK$3,FI$60,$FB$4:$FK$4))) -> 0 | ... FK62: =IF((SUMIF($FB$3:$FK$3,FK$60,$FB$4:$FK$4))=0,0,((SUMIF($FB$3:$FK$3,FK$60,$FB111:$FK111))/SUMIF($FB$3:$FK$3,FK$60,$FB$4:$FK$4))) -> 0 | FL62: =FA62 -> Alumno1 | FM62: =IF((SUMIF($FM$3:$FV$3,FM$60,$FM$4:$FV$4))=0,0,((SUMIF($FM$3:$FV$3,FM$60,$FM111:$FV111))/SUMIF($FM$3:$FV$3,FM$60,$FM$4:$FV$4))) -> 0 | FN62: =IF((SUMIF($FM$3:$FV$3,FN$60,$FM$4:$FV$4))=0,0,((SUMIF($FM$3:$FV$3,FN$60,$FM111:$FV111))/SUMIF($FM$3:$FV$3,FN$60,$FM$4:$FV$4))) -> 0 | FO62: =IF((SUMIF($FM$3:$FV$3,FO$60,$FM$4:$FV$4))=0,0,((SUMIF($FM$3:$FV$3,FO$60,$FM111:$FV111))/SUMIF($FM$3:$FV$3,FO$60,$FM$4:$FV$4))) -> 0 | FP62: =IF((SUMIF($FM$3:$FV$3,FP$60,$FM$4:$FV$4))=0,0,((SUMIF($FM$3:$FV$3,FP$60,$FM111:$FV111))/SUMIF($FM$3:$FV$3,FP$60,$FM$4:$FV$4))) -> 0 | FQ62: =IF((SUMIF($FM$3:$FV$3,FQ$60,$FM$4:$FV$4))=0,0,((SUMIF($FM$3:$FV$3,FQ$60,$FM111:$FV111))/SUMIF($FM$3:$FV$3,FQ$60,$FM$4:$FV$4))) -> 0 | FR62: =IF((SUMIF($FM$3:$FV$3,FR$60,$FM$4:$FV$4))=0,0,((SUMIF($FM$3:$FV$3,FR$60,$FM111:$FV111))/SUMIF($FM$3:$FV$3,FR$60,$FM$4:$FV$4))) -> 0 | FS62: =IF((SUMIF($FM$3:$FV$3,FS$60,$FM$4:$FV$4))=0,0,((SUMIF($FM$3:$FV$3,FS$60,$FM111:$FV111))/SUMIF($FM$3:$FV$3,FS$60,$FM$4:$FV$4))) -> 0 | FT62: =IF((SUMIF($FM$3:$FV$3,FT$60,$FM$4:$FV$4))=0,0,((SUMIF($FM$3:$FV$3,FT$60,$FM111:$FV111))/SUMIF($FM$3:$FV$3,FT$60,$FM$4:$FV$4))) -> 0 | ... FV62: =IF((SUMIF($FM$3:$FV$3,FV$60,$FM$4:$FV$4))=0,0,((SUMIF($FM$3:$FV$3,FV$60,$FM111:$FV111))/SUMIF($FM$3:$FV$3,FV$60,$FM$4:$FV$4))) -> 0 | FW62: =FL62 -> Alumno1 | FX62: =IF((SUMIF($FX$3:$GG$3,FX$60,$FX$4:$GG$4))=0,0,((SUMIF($FX$3:$GG$3,FX$60,$FX111:$GG111))/SUMIF($FX$3:$GG$3,FX$60,$FX$4:$GG$4))) -> 0 | FY62: =IF((SUMIF($FX$3:$GG$3,FY$60,$FX$4:$GG$4))=0,0,((SUMIF($FX$3:$GG$3,FY$60,$FX111:$GG111))/SUMIF($FX$3:$GG$3,FY$60,$FX$4:$GG$4))) -> 0 | FZ62: =IF((SUMIF($FX$3:$GG$3,FZ$60,$FX$4:$GG$4))=0,0,((SUMIF($FX$3:$GG$3,FZ$60,$FX111:$GG111))/SUMIF($FX$3:$GG$3,FZ$60,$FX$4:$GG$4))) -> 0 | GA62: =IF((SUMIF($FX$3:$GG$3,GA$60,$FX$4:$GG$4))=0,0,((SUMIF($FX$3:$GG$3,GA$60,$FX111:$GG111))/SUMIF($FX$3:$GG$3,GA$60,$FX$4:$GG$4))) -> 0 | GB62: =IF((SUMIF($FX$3:$GG$3,GB$60,$FX$4:$GG$4))=0,0,((SUMIF($FX$3:$GG$3,GB$60,$FX111:$GG111))/SUMIF($FX$3:$GG$3,GB$60,$FX$4:$GG$4))) -> 0 | GC62: =IF((SUMIF($FX$3:$GG$3,GC$60,$FX$4:$GG$4))=0,0,((SUMIF($FX$3:$GG$3,GC$60,$FX111:$GG111))/SUMIF($FX$3:$GG$3,GC$60,$FX$4:$GG$4))) -> 0 | GD62: =IF((SUMIF($FX$3:$GG$3,GD$60,$FX$4:$GG$4))=0,0,((SUMIF($FX$3:$GG$3,GD$60,$FX111:$GG111))/SUMIF($FX$3:$GG$3,GD$60,$FX$4:$GG$4))) -> 0 | GE62: =IF((SUMIF($FX$3:$GG$3,GE$60,$FX$4:$GG$4))=0,0,((SUMIF($FX$3:$GG$3,GE$60,$FX111:$GG111))/SUMIF($FX$3:$GG$3,GE$60,$FX$4:$GG$4))) -> 0 | ... GG62: =IF((SUMIF($FX$3:$GG$3,GG$60,$FX$4:$GG$4))=0,0,((SUMIF($FX$3:$GG$3,GG$60,$FX111:$GG111))/SUMIF($FX$3:$GG$3,GG$60,$FX$4:$GG$4))) -> 0 | GH62: =FW62 -> Alumno1 | GI62: =IF((SUMIF($GI$3:$GR$3,GI$60,$GI$4:$GR$4))=0,0,((SUMIF($GI$3:$GR$3,GI$60,$GI111:$GR111))/SUMIF($GI$3:$GR$3,GI$60,$GI$4:$GR$4))) -> 0 | GJ62: =IF((SUMIF($GI$3:$GR$3,GJ$60,$GI$4:$GR$4))=0,0,((SUMIF($GI$3:$GR$3,GJ$60,$GI111:$GR111))/SUMIF($GI$3:$GR$3,GJ$60,$GI$4:$GR$4))) -> 0 | GK62: =IF((SUMIF($GI$3:$GR$3,GK$60,$GI$4:$GR$4))=0,0,((SUMIF($GI$3:$GR$3,GK$60,$GI111:$GR111))/SUMIF($GI$3:$GR$3,GK$60,$GI$4:$GR$4))) -> 0 | GL62: =IF((SUMIF($GI$3:$GR$3,GL$60,$GI$4:$GR$4))=0,0,((SUMIF($GI$3:$GR$3,GL$60,$GI111:$GR111))/SUMIF($GI$3:$GR$3,GL$60,$GI$4:$GR$4))) -> 0 | GM62: =IF((SUMIF($GI$3:$GR$3,GM$60,$GI$4:$GR$4))=0,0,((SUMIF($GI$3:$GR$3,GM$60,$GI111:$GR111))/SUMIF($GI$3:$GR$3,GM$60,$GI$4:$GR$4))) -> 0 | GN62: =IF((SUMIF($GI$3:$GR$3,GN$60,$GI$4:$GR$4))=0,0,((SUMIF($GI$3:$GR$3,GN$60,$GI111:$GR111))/SUMIF($GI$3:$GR$3,GN$60,$GI$4:$GR$4))) -> 0 | GO62: =IF((SUMIF($GI$3:$GR$3,GO$60,$GI$4:$GR$4))=0,0,((SUMIF($GI$3:$GR$3,GO$60,$GI111:$GR111))/SUMIF($GI$3:$GR$3,GO$60,$GI$4:$GR$4))) -> 0 | GP62: =IF((SUMIF($GI$3:$GR$3,GP$60,$GI$4:$GR$4))=0,0,((SUMIF($GI$3:$GR$3,GP$60,$GI111:$GR111))/SUMIF($GI$3:$GR$3,GP$60,$GI$4:$GR$4))) -> 0 | ... GR62: =IF((SUMIF($GI$3:$GR$3,GR$60,$GI$4:$GR$4))=0,0,((SUMIF($GI$3:$GR$3,GR$60,$GI111:$GR111))/SUMIF($GI$3:$GR$3,GR$60,$GI$4:$GR$4))) -> 0 | GS62: =GH62 -> Alumno1 | GT62: =IF((SUMIF($GT$3:$HC$3,GT$60,$GT$4:$HC$4))=0,0,((SUMIF($GT$3:$HC$3,GT$60,$GT111:$HC111))/SUMIF($GT$3:$HC$3,GT$60,$GT$4:$HC$4))) -> 0 | GU62: =IF((SUMIF($GT$3:$HC$3,GU$60,$GT$4:$HC$4))=0,0,((SUMIF($GT$3:$HC$3,GU$60,$GT111:$HC111))/SUMIF($GT$3:$HC$3,GU$60,$GT$4:$HC$4))) -> 0 | GV62: =IF((SUMIF($GT$3:$HC$3,GV$60,$GT$4:$HC$4))=0,0,((SUMIF($GT$3:$HC$3,GV$60,$GT111:$HC111))/SUMIF($GT$3:$HC$3,GV$60,$GT$4:$HC$4))) -> 0 | GW62: =IF((SUMIF($GT$3:$HC$3,GW$60,$GT$4:$HC$4))=0,0,((SUMIF($GT$3:$HC$3,GW$60,$GT111:$HC111))/SUMIF($GT$3:$HC$3,GW$60,$GT$4:$HC$4))) -> 0 | GX62: =IF((SUMIF($GT$3:$HC$3,GX$60,$GT$4:$HC$4))=0,0,((SUMIF($GT$3:$HC$3,GX$60,$GT111:$HC111))/SUMIF($GT$3:$HC$3,GX$60,$GT$4:$HC$4))) -> 0 | GY62: =IF((SUMIF($GT$3:$HC$3,GY$60,$GT$4:$HC$4))=0,0,((SUMIF($GT$3:$HC$3,GY$60,$GT111:$HC111))/SUMIF($GT$3:$HC$3,GY$60,$GT$4:$HC$4))) -> 0 | GZ62: =IF((SUMIF($GT$3:$HC$3,GZ$60,$GT$4:$HC$4))=0,0,((SUMIF($GT$3:$HC$3,GZ$60,$GT111:$HC111))/SUMIF($GT$3:$HC$3,GZ$60,$GT$4:$HC$4))) -> 0 | HA62: =IF((SUMIF($GT$3:$HC$3,HA$60,$GT$4:$HC$4))=0,0,((SUMIF($GT$3:$HC$3,HA$60,$GT111:$HC111))/SUMIF($GT$3:$HC$3,HA$60,$GT$4:$HC$4))) -> 0 | ... HC62: =IF((SUMIF($GT$3:$HC$3,HC$60,$GT$4:$HC$4))=0,0,((SUMIF($GT$3:$HC$3,HC$60,$GT111:$HC111))/SUMIF($GT$3:$HC$3,HC$60,$GT$4:$HC$4))) -> 0 | HD62: =GS62 -> Alumno1 | HE62: =IF((SUMIF($HE$3:$HN$3,HE$60,$HE$4:$HN$4))=0,0,((SUMIF($HE$3:$HN$3,HE$60,$HE111:$HN111))/SUMIF($HE$3:$HN$3,HE$60,$HE$4:$HN$4))) -> 0 | HF62: =IF((SUMIF($HE$3:$HN$3,HF$60,$HE$4:$HN$4))=0,0,((SUMIF($HE$3:$HN$3,HF$60,$HE111:$HN111))/SUMIF($HE$3:$HN$3,HF$60,$HE$4:$HN$4))) -> 0 | HG62: =IF((SUMIF($HE$3:$HN$3,HG$60,$HE$4:$HN$4))=0,0,((SUMIF($HE$3:$HN$3,HG$60,$HE111:$HN111))/SUMIF($HE$3:$HN$3,HG$60,$HE$4:$HN$4))) -> 0 | HH62: =IF((SUMIF($HE$3:$HN$3,HH$60,$HE$4:$HN$4))=0,0,((SUMIF($HE$3:$HN$3,HH$60,$HE111:$HN111))/SUMIF($HE$3:$HN$3,HH$60,$HE$4:$HN$4))) -> 0 | HI62: =IF((SUMIF($HE$3:$HN$3,HI$60,$HE$4:$HN$4))=0,0,((SUMIF($HE$3:$HN$3,HI$60,$HE111:$HN111))/SUMIF($HE$3:$HN$3,HI$60,$HE$4:$HN$4))) -> 0 | HJ62: =IF((SUMIF($HE$3:$HN$3,HJ$60,$HE$4:$HN$4))=0,0,((SUMIF($HE$3:$HN$3,HJ$60,$HE111:$HN111))/SUMIF($HE$3:$HN$3,HJ$60,$HE$4:$HN$4))) -> 0 | HK62: =IF((SUMIF($HE$3:$HN$3,HK$60,$HE$4:$HN$4))=0,0,((SUMIF($HE$3:$HN$3,HK$60,$HE111:$HN111))/SUMIF($HE$3:$HN$3,HK$60,$HE$4:$HN$4))) -> 0 | HL62: =IF((SUMIF($HE$3:$HN$3,HL$60,$HE$4:$HN$4))=0,0,((SUMIF($HE$3:$HN$3,HL$60,$HE111:$HN111))/SUMIF($HE$3:$HN$3,HL$60,$HE$4:$HN$4))) -> 0 | ... HN62: =IF((SUMIF($HE$3:$HN$3,HN$60,$HE$4:$HN$4))=0,0,((SUMIF($HE$3:$HN$3,HN$60,$HE111:$HN111))/SUMIF($HE$3:$HN$3,HN$60,$HE$4:$HN$4))) -> 0 | HO62: =HD62 -> Alumno1 | HP62: =IF((SUMIF($HP$3:$HY$3,HP$60,$HP$4:$HY$4))=0,0,((SUMIF($HP$3:$HY$3,HP$60,$HP111:$HY111))/SUMIF($HP$3:$HY$3,HP$60,$HP$4:$HY$4))) -> 0 | HQ62: =IF((SUMIF($HP$3:$HY$3,HQ$60,$HP$4:$HY$4))=0,0,((SUMIF($HP$3:$HY$3,HQ$60,$HP111:$HY111))/SUMIF($HP$3:$HY$3,HQ$60,$HP$4:$HY$4))) -> 0 | HR62: =IF((SUMIF($HP$3:$HY$3,HR$60,$HP$4:$HY$4))=0,0,((SUMIF($HP$3:$HY$3,HR$60,$HP111:$HY111))/SUMIF($HP$3:$HY$3,HR$60,$HP$4:$HY$4))) -> 0 | HS62: =IF((SUMIF($HP$3:$HY$3,HS$60,$HP$4:$HY$4))=0,0,((SUMIF($HP$3:$HY$3,HS$60,$HP111:$HY111))/SUMIF($HP$3:$HY$3,HS$60,$HP$4:$HY$4))) -> 0 | HT62: =IF((SUMIF($HP$3:$HY$3,HT$60,$HP$4:$HY$4))=0,0,((SUMIF($HP$3:$HY$3,HT$60,$HP111:$HY111))/SUMIF($HP$3:$HY$3,HT$60,$HP$4:$HY$4))) -> 0 | HU62: =IF((SUMIF($HP$3:$HY$3,HU$60,$HP$4:$HY$4))=0,0,((SUMIF($HP$3:$HY$3,HU$60,$HP111:$HY111))/SUMIF($HP$3:$HY$3,HU$60,$HP$4:$HY$4))) -> 0 | HV62: =IF((SUMIF($HP$3:$HY$3,HV$60,$HP$4:$HY$4))=0,0,((SUMIF($HP$3:$HY$3,HV$60,$HP111:$HY111))/SUMIF($HP$3:$HY$3,HV$60,$HP$4:$HY$4))) -> 0 | HW62: =IF((SUMIF($HP$3:$HY$3,HW$60,$HP$4:$HY$4))=0,0,((SUMIF($HP$3:$HY$3,HW$60,$HP111:$HY111))/SUMIF($HP$3:$HY$3,HW$60,$HP$4:$HY$4))) -> 0 | ... HY62: =IF((SUMIF($HP$3:$HY$3,HY$60,$HP$4:$HY$4))=0,0,((SUMIF($HP$3:$HY$3,HY$60,$HP111:$HY111))/SUMIF($HP$3:$HY$3,HY$60,$HP$4:$HY$4))) -> 0 | HZ62: =HO62 -> Alumno1 | IA62: =IF((SUMIF($IA$3:$IJ$3,IA$60,$IA$4:$IJ$4))=0,0,((SUMIF($IA$3:$IJ$3,IA$60,$IA111:$IJ111))/SUMIF($IA$3:$IJ$3,IA$60,$IA$4:$IJ$4))) -> 0 | IB62: =IF((SUMIF($IA$3:$IJ$3,IB$60,$IA$4:$IJ$4))=0,0,((SUMIF($IA$3:$IJ$3,IB$60,$IA111:$IJ111))/SUMIF($IA$3:$IJ$3,IB$60,$IA$4:$IJ$4))) -> 0 | IC62: =IF((SUMIF($IA$3:$IJ$3,IC$60,$IA$4:$IJ$4))=0,0,((SUMIF($IA$3:$IJ$3,IC$60,$IA111:$IJ111))/SUMIF($IA$3:$IJ$3,IC$60,$IA$4:$IJ$4))) -> 0 | ID62: =IF((SUMIF($IA$3:$IJ$3,ID$60,$IA$4:$IJ$4))=0,0,((SUMIF($IA$3:$IJ$3,ID$60,$IA111:$IJ111))/SUMIF($IA$3:$IJ$3,ID$60,$IA$4:$IJ$4))) -> 0 | IE62: =IF((SUMIF($IA$3:$IJ$3,IE$60,$IA$4:$IJ$4))=0,0,((SUMIF($IA$3:$IJ$3,IE$60,$IA111:$IJ111))/SUMIF($IA$3:$IJ$3,IE$60,$IA$4:$IJ$4))) -> 0 | IF62: =IF((SUMIF($IA$3:$IJ$3,IF$60,$IA$4:$IJ$4))=0,0,((SUMIF($IA$3:$IJ$3,IF$60,$IA111:$IJ111))/SUMIF($IA$3:$IJ$3,IF$60,$IA$4:$IJ$4))) -> 0 | IG62: =IF((SUMIF($IA$3:$IJ$3,IG$60,$IA$4:$IJ$4))=0,0,((SUMIF($IA$3:$IJ$3,IG$60,$IA111:$IJ111))/SUMIF($IA$3:$IJ$3,IG$60,$IA$4:$IJ$4))) -> 0 | IH62: =IF((SUMIF($IA$3:$IJ$3,IH$60,$IA$4:$IJ$4))=0,0,((SUMIF($IA$3:$IJ$3,IH$60,$IA111:$IJ111))/SUMIF($IA$3:$IJ$3,IH$60,$IA$4:$IJ$4))) -> 0 | ... IJ62: =IF((SUMIF($IA$3:$IJ$3,IJ$60,$IA$4:$IJ$4))=0,0,((SUMIF($IA$3:$IJ$3,IJ$60,$IA111:$IJ111))/SUMIF($IA$3:$IJ$3,IJ$60,$IA$4:$IJ$4))) -> 0 | IK62: =HZ62 -> Alumno1 | IL62: =IF((SUMIF($IL$3:$IU$3,IL$60,$IL$4:$IU$4))=0,0,((SUMIF($IL$3:$IU$3,IL$60,$IL111:$IU111))/SUMIF($IL$3:$IU$3,IL$60,$IL$4:$IU$4))) -> 0 | IM62: =IF((SUMIF($IL$3:$IU$3,IM$60,$IL$4:$IU$4))=0,0,((SUMIF($IL$3:$IU$3,IM$60,$IL111:$IU111))/SUMIF($IL$3:$IU$3,IM$60,$IL$4:$IU$4))) -> 0 | IN62: =IF((SUMIF($IL$3:$IU$3,IN$60,$IL$4:$IU$4))=0,0,((SUMIF($IL$3:$IU$3,IN$60,$IL111:$IU111))/SUMIF($IL$3:$IU$3,IN$60,$IL$4:$IU$4))) -> 0 | IO62: =IF((SUMIF($IL$3:$IU$3,IO$60,$IL$4:$IU$4))=0,0,((SUMIF($IL$3:$IU$3,IO$60,$IL111:$IU111))/SUMIF($IL$3:$IU$3,IO$60,$IL$4:$IU$4))) -> 0 | IP62: =IF((SUMIF($IL$3:$IU$3,IP$60,$IL$4:$IU$4))=0,0,((SUMIF($IL$3:$IU$3,IP$60,$IL111:$IU111))/SUMIF($IL$3:$IU$3,IP$60,$IL$4:$IU$4))) -> 0 | IQ62: =IF((SUMIF($IL$3:$IU$3,IQ$60,$IL$4:$IU$4))=0,0,((SUMIF($IL$3:$IU$3,IQ$60,$IL111:$IU111))/SUMIF($IL$3:$IU$3,IQ$60,$IL$4:$IU$4))) -> 0 | IR62: =IF((SUMIF($IL$3:$IU$3,IR$60,$IL$4:$IU$4))=0,0,((SUMIF($IL$3:$IU$3,IR$60,$IL111:$IU111))/SUMIF($IL$3:$IU$3,IR$60,$IL$4:$IU$4))) -> 0 | IS62: =IF((SUMIF($IL$3:$IU$3,IS$60,$IL$4:$IU$4))=0,0,((SUMIF($IL$3:$IU$3,IS$60,$IL111:$IU111))/SUMIF($IL$3:$IU$3,IS$60,$IL$4:$IU$4))) -> 0 | ... IU62: =IF((SUMIF($IL$3:$IU$3,IU$60,$IL$4:$IU$4))=0,0,((SUMIF($IL$3:$IU$3,IU$60,$IL111:$IU111))/SUMIF($IL$3:$IU$3,IU$60,$IL$4:$IU$4))) -> 0 | IV62: =IK62 -> Alumno1 | IW62: =IF((SUMIF($IW$3:$JF$3,IW$60,$IW$4:$JF$4))=0,0,((SUMIF($IW$3:$JF$3,IW$60,$IW111:$JF111))/SUMIF($IW$3:$JF$3,IW$60,$IW$4:$JF$4))) -> 0 | IX62: =IF((SUMIF($IW$3:$JF$3,IX$60,$IW$4:$JF$4))=0,0,((SUMIF($IW$3:$JF$3,IX$60,$IW111:$JF111))/SUMIF($IW$3:$JF$3,IX$60,$IW$4:$JF$4))) -> 0 | IY62: =IF((SUMIF($IW$3:$JF$3,IY$60,$IW$4:$JF$4))=0,0,((SUMIF($IW$3:$JF$3,IY$60,$IW111:$JF111))/SUMIF($IW$3:$JF$3,IY$60,$IW$4:$JF$4))) -> 0 | IZ62: =IF((SUMIF($IW$3:$JF$3,IZ$60,$IW$4:$JF$4))=0,0,((SUMIF($IW$3:$JF$3,IZ$60,$IW111:$JF111))/SUMIF($IW$3:$JF$3,IZ$60,$IW$4:$JF$4))) -> 0 | JA62: =IF((SUMIF($IW$3:$JF$3,JA$60,$IW$4:$JF$4))=0,0,((SUMIF($IW$3:$JF$3,JA$60,$IW111:$JF111))/SUMIF($IW$3:$JF$3,JA$60,$IW$4:$JF$4))) -> 0 | JB62: =IF((SUMIF($IW$3:$JF$3,JB$60,$IW$4:$JF$4))=0,0,((SUMIF($IW$3:$JF$3,JB$60,$IW111:$JF111))/SUMIF($IW$3:$JF$3,JB$60,$IW$4:$JF$4))) -> 0 | JC62: =IF((SUMIF($IW$3:$JF$3,JC$60,$IW$4:$JF$4))=0,0,((SUMIF($IW$3:$JF$3,JC$60,$IW111:$JF111))/SUMIF($IW$3:$JF$3,JC$60,$IW$4:$JF$4))) -> 0 | JD62: =IF((SUMIF($IW$3:$JF$3,JD$60,$IW$4:$JF$4))=0,0,((SUMIF($IW$3:$JF$3,JD$60,$IW111:$JF111))/SUMIF($IW$3:$JF$3,JD$60,$IW$4:$JF$4))) -> 0 | ... JF62: =IF((SUMIF($IW$3:$JF$3,JF$60,$IW$4:$JF$4))=0,0,((SUMIF($IW$3:$JF$3,JF$60,$IW111:$JF111))/SUMIF($IW$3:$JF$3,JF$60,$IW$4:$JF$4))) -> 0 | JG62: =IV62 -> Alumno1 | JH62: =IF((SUMIF($JH$3:$JQ$3,JH$60,$JH$4:$JQ$4))=0,0,((SUMIF($JH$3:$JQ$3,JH$60,$JH111:$JQ111))/SUMIF($JH$3:$JQ$3,JH$60,$JH$4:$JQ$4))) -> 0 | JI62: =IF((SUMIF($JH$3:$JQ$3,JI$60,$JH$4:$JQ$4))=0,0,((SUMIF($JH$3:$JQ$3,JI$60,$JH111:$JQ111))/SUMIF($JH$3:$JQ$3,JI$60,$JH$4:$JQ$4))) -> 0 | JJ62: =IF((SUMIF($JH$3:$JQ$3,JJ$60,$JH$4:$JQ$4))=0,0,((SUMIF($JH$3:$JQ$3,JJ$60,$JH111:$JQ111))/SUMIF($JH$3:$JQ$3,JJ$60,$JH$4:$JQ$4))) -> 0 | JK62: =IF((SUMIF($JH$3:$JQ$3,JK$60,$JH$4:$JQ$4))=0,0,((SUMIF($JH$3:$JQ$3,JK$60,$JH111:$JQ111))/SUMIF($JH$3:$JQ$3,JK$60,$JH$4:$JQ$4))) -> 0 | JL62: =IF((SUMIF($JH$3:$JQ$3,JL$60,$JH$4:$JQ$4))=0,0,((SUMIF($JH$3:$JQ$3,JL$60,$JH111:$JQ111))/SUMIF($JH$3:$JQ$3,JL$60,$JH$4:$JQ$4))) -> 0 | JM62: =IF((SUMIF($JH$3:$JQ$3,JM$60,$JH$4:$JQ$4))=0,0,((SUMIF($JH$3:$JQ$3,JM$60,$JH111:$JQ111))/SUMIF($JH$3:$JQ$3,JM$60,$JH$4:$JQ$4))) -> 0 | JN62: =IF((SUMIF($JH$3:$JQ$3,JN$60,$JH$4:$JQ$4))=0,0,((SUMIF($JH$3:$JQ$3,JN$60,$JH111:$JQ111))/SUMIF($JH$3:$JQ$3,JN$60,$JH$4:$JQ$4))) -> 0 | JO62: =IF((SUMIF($JH$3:$JQ$3,JO$60,$JH$4:$JQ$4))=0,0,((SUMIF($JH$3:$JQ$3,JO$60,$JH111:$JQ111))/SUMIF($JH$3:$JQ$3,JO$60,$JH$4:$JQ$4))) -> 0 | ... JQ62: =IF((SUMIF($JH$3:$JQ$3,JQ$60,$JH$4:$JQ$4))=0,0,((SUMIF($JH$3:$JQ$3,JQ$60,$JH111:$JQ111))/SUMIF($JH$3:$JQ$3,JQ$60,$JH$4:$JQ$4))) -> 0 | JR62: =JG62 -> Alumno1 | JS62: =IF((SUMIF($JS$3:$KB$3,JS$60,$JS$4:$KB$4))=0,0,((SUMIF($JS$3:$KB$3,JS$60,$JS111:$KB111))/SUMIF($JS$3:$KB$3,JS$60,$JS$4:$KB$4))) -> 0 | JT62: =IF((SUMIF($JS$3:$KB$3,JT$60,$JS$4:$KB$4))=0,0,((SUMIF($JS$3:$KB$3,JT$60,$JS111:$KB111))/SUMIF($JS$3:$KB$3,JT$60,$JS$4:$KB$4))) -> 0 | JU62: =IF((SUMIF($JS$3:$KB$3,JU$60,$JS$4:$KB$4))=0,0,((SUMIF($JS$3:$KB$3,JU$60,$JS111:$KB111))/SUMIF($JS$3:$KB$3,JU$60,$JS$4:$KB$4))) -> 0 | JV62: =IF((SUMIF($JS$3:$KB$3,JV$60,$JS$4:$KB$4))=0,0,((SUMIF($JS$3:$KB$3,JV$60,$JS111:$KB111))/SUMIF($JS$3:$KB$3,JV$60,$JS$4:$KB$4))) -> 0 | JW62: =IF((SUMIF($JS$3:$KB$3,JW$60,$JS$4:$KB$4))=0,0,((SUMIF($JS$3:$KB$3,JW$60,$JS111:$KB111))/SUMIF($JS$3:$KB$3,JW$60,$JS$4:$KB$4))) -> 0 | JX62: =IF((SUMIF($JS$3:$KB$3,JX$60,$JS$4:$KB$4))=0,0,((SUMIF($JS$3:$KB$3,JX$60,$JS111:$KB111))/SUMIF($JS$3:$KB$3,JX$60,$JS$4:$KB$4))) -> 0 | JY62: =IF((SUMIF($JS$3:$KB$3,JY$60,$JS$4:$KB$4))=0,0,((SUMIF($JS$3:$KB$3,JY$60,$JS111:$KB111))/SUMIF($JS$3:$KB$3,JY$60,$JS$4:$KB$4))) -> 0 | JZ62: =IF((SUMIF($JS$3:$KB$3,JZ$60,$JS$4:$KB$4))=0,0,((SUMIF($JS$3:$KB$3,JZ$60,$JS111:$KB111))/SUMIF($JS$3:$KB$3,JZ$60,$JS$4:$KB$4))) -> 0 | ... KB62: =IF((SUMIF($JS$3:$KB$3,KB$60,$JS$4:$KB$4))=0,0,((SUMIF($JS$3:$KB$3,KB$60,$JS111:$KB111))/SUMIF($JS$3:$KB$3,KB$60,$JS$4:$KB$4))) -> 0 | KC62: =JR62 -> Alumno1 | KD62: =IF((SUMIF($KD$3:$KM$3,KD$60,$KD$4:$KM$4))=0,0,((SUMIF($KD$3:$KM$3,KD$60,$KD111:$KM111))/SUMIF($KD$3:$KM$3,KD$60,$KD$4:$KM$4))) -> 0 | KE62: =IF((SUMIF($KD$3:$KM$3,KE$60,$KD$4:$KM$4))=0,0,((SUMIF($KD$3:$KM$3,KE$60,$KD111:$KM111))/SUMIF($KD$3:$KM$3,KE$60,$KD$4:$KM$4))) -> 0 | KF62: =IF((SUMIF($KD$3:$KM$3,KF$60,$KD$4:$KM$4))=0,0,((SUMIF($KD$3:$KM$3,KF$60,$KD111:$KM111))/SUMIF($KD$3:$KM$3,KF$60,$KD$4:$KM$4))) -> 0 | KG62: =IF((SUMIF($KD$3:$KM$3,KG$60,$KD$4:$KM$4))=0,0,((SUMIF($KD$3:$KM$3,KG$60,$KD111:$KM111))/SUMIF($KD$3:$KM$3,KG$60,$KD$4:$KM$4))) -> 0 | KH62: =IF((SUMIF($KD$3:$KM$3,KH$60,$KD$4:$KM$4))=0,0,((SUMIF($KD$3:$KM$3,KH$60,$KD111:$KM111))/SUMIF($KD$3:$KM$3,KH$60,$KD$4:$KM$4))) -> 0 | KI62: =IF((SUMIF($KD$3:$KM$3,KI$60,$KD$4:$KM$4))=0,0,((SUMIF($KD$3:$KM$3,KI$60,$KD111:$KM111))/SUMIF($KD$3:$KM$3,KI$60,$KD$4:$KM$4))) -> 0 | KJ62: =IF((SUMIF($KD$3:$KM$3,KJ$60,$KD$4:$KM$4))=0,0,((SUMIF($KD$3:$KM$3,KJ$60,$KD111:$KM111))/SUMIF($KD$3:$KM$3,KJ$60,$KD$4:$KM$4))) -> 0 | KK62: =IF((SUMIF($KD$3:$KM$3,KK$60,$KD$4:$KM$4))=0,0,((SUMIF($KD$3:$KM$3,KK$60,$KD111:$KM111))/SUMIF($KD$3:$KM$3,KK$60,$KD$4:$KM$4))) -> 0 | ... KM62: =IF((SUMIF($KD$3:$KM$3,KM$60,$KD$4:$KM$4))=0,0,((SUMIF($KD$3:$KM$3,KM$60,$KD111:$KM111))/SUMIF($KD$3:$KM$3,KM$60,$KD$4:$KM$4))) -> 0 | KN62: =KC62 -> Alumno1 | KO62: =IF((SUMIF($KO$3:$KX$3,KO$60,$KO$4:$KX$4))=0,0,((SUMIF($KO$3:$KX$3,KO$60,$KO111:$KX111))/SUMIF($KO$3:$KX$3,KO$60,$KO$4:$KX$4))) -> 0 | KP62: =IF((SUMIF($KO$3:$KX$3,KP$60,$KO$4:$KX$4))=0,0,((SUMIF($KO$3:$KX$3,KP$60,$KO111:$KX111))/SUMIF($KO$3:$KX$3,KP$60,$KO$4:$KX$4))) -> 0 | KQ62: =IF((SUMIF($KO$3:$KX$3,KQ$60,$KO$4:$KX$4))=0,0,((SUMIF($KO$3:$KX$3,KQ$60,$KO111:$KX111))/SUMIF($KO$3:$KX$3,KQ$60,$KO$4:$KX$4))) -> 0 | KR62: =IF((SUMIF($KO$3:$KX$3,KR$60,$KO$4:$KX$4))=0,0,((SUMIF($KO$3:$KX$3,KR$60,$KO111:$KX111))/SUMIF($KO$3:$KX$3,KR$60,$KO$4:$KX$4))) -> 0 | KS62: =IF((SUMIF($KO$3:$KX$3,KS$60,$KO$4:$KX$4))=0,0,((SUMIF($KO$3:$KX$3,KS$60,$KO111:$KX111))/SUMIF($KO$3:$KX$3,KS$60,$KO$4:$KX$4))) -> 0 | KT62: =IF((SUMIF($KO$3:$KX$3,KT$60,$KO$4:$KX$4))=0,0,((SUMIF($KO$3:$KX$3,KT$60,$KO111:$KX111))/SUMIF($KO$3:$KX$3,KT$60,$KO$4:$KX$4))) -> 0 | KU62: =IF((SUMIF($KO$3:$KX$3,KU$60,$KO$4:$KX$4))=0,0,((SUMIF($KO$3:$KX$3,KU$60,$KO111:$KX111))/SUMIF($KO$3:$KX$3,KU$60,$KO$4:$KX$4))) -> 0 | KV62: =IF((SUMIF($KO$3:$KX$3,KV$60,$KO$4:$KX$4))=0,0,((SUMIF($KO$3:$KX$3,KV$60,$KO111:$KX111))/SUMIF($KO$3:$KX$3,KV$60,$KO$4:$KX$4))) -> 0 | ... KX62: =IF((SUMIF($KO$3:$KX$3,KX$60,$KO$4:$KX$4))=0,0,((SUMIF($KO$3:$KX$3,KX$60,$KO111:$KX111))/SUMIF($KO$3:$KX$3,KX$60,$KO$4:$KX$4))) -> 0 | KY62: =KN62 -> Alumno1 | KZ62: =IF((SUMIF($KZ$3:$LI$3,KZ$60,$KZ$4:$LI$4))=0,0,((SUMIF($KZ$3:$LI$3,KZ$60,$KZ111:$LI111))/SUMIF($KZ$3:$LI$3,KZ$60,$KZ$4:$LI$4))) -> 0 | LA62: =IF((SUMIF($KZ$3:$LI$3,LA$60,$KZ$4:$LI$4))=0,0,((SUMIF($KZ$3:$LI$3,LA$60,$KZ111:$LI111))/SUMIF($KZ$3:$LI$3,LA$60,$KZ$4:$LI$4))) -> 0 | LB62: =IF((SUMIF($KZ$3:$LI$3,LB$60,$KZ$4:$LI$4))=0,0,((SUMIF($KZ$3:$LI$3,LB$60,$KZ111:$LI111))/SUMIF($KZ$3:$LI$3,LB$60,$KZ$4:$LI$4))) -> 0 | LC62: =IF((SUMIF($KZ$3:$LI$3,LC$60,$KZ$4:$LI$4))=0,0,((SUMIF($KZ$3:$LI$3,LC$60,$KZ111:$LI111))/SUMIF($KZ$3:$LI$3,LC$60,$KZ$4:$LI$4))) -> 0 | LD62: =IF((SUMIF($KZ$3:$LI$3,LD$60,$KZ$4:$LI$4))=0,0,((SUMIF($KZ$3:$LI$3,LD$60,$KZ111:$LI111))/SUMIF($KZ$3:$LI$3,LD$60,$KZ$4:$LI$4))) -> 0 | LE62: =IF((SUMIF($KZ$3:$LI$3,LE$60,$KZ$4:$LI$4))=0,0,((SUMIF($KZ$3:$LI$3,LE$60,$KZ111:$LI111))/SUMIF($KZ$3:$LI$3,LE$60,$KZ$4:$LI$4))) -> 0 | LF62: =IF((SUMIF($KZ$3:$LI$3,LF$60,$KZ$4:$LI$4))=0,0,((SUMIF($KZ$3:$LI$3,LF$60,$KZ111:$LI111))/SUMIF($KZ$3:$LI$3,LF$60,$KZ$4:$LI$4))) -> 0 | LG62: =IF((SUMIF($KZ$3:$LI$3,LG$60,$KZ$4:$LI$4))=0,0,((SUMIF($KZ$3:$LI$3,LG$60,$KZ111:$LI111))/SUMIF($KZ$3:$LI$3,LG$60,$KZ$4:$LI$4))) -> 0 | ... LI62: =IF((SUMIF($KZ$3:$LI$3,LI$60,$KZ$4:$LI$4))=0,0,((SUMIF($KZ$3:$LI$3,LI$60,$KZ111:$LI111))/SUMIF($KZ$3:$LI$3,LI$60,$KZ$4:$LI$4))) -> 0 | LJ62: =KY62 -> Alumno1 | LK62: =IF((SUMIF($LK$3:$LT$3,LK$60,$LK$4:$LT$4))=0,0,((SUMIF($LK$3:$LT$3,LK$60,$LK111:$LT111))/SUMIF($LK$3:$LT$3,LK$60,$LK$4:$LT$4))) -> 0 | LL62: =IF((SUMIF($LK$3:$LT$3,LL$60,$LK$4:$LT$4))=0,0,((SUMIF($LK$3:$LT$3,LL$60,$LK111:$LT111))/SUMIF($LK$3:$LT$3,LL$60,$LK$4:$LT$4))) -> 0 | LM62: =IF((SUMIF($LK$3:$LT$3,LM$60,$LK$4:$LT$4))=0,0,((SUMIF($LK$3:$LT$3,LM$60,$LK111:$LT111))/SUMIF($LK$3:$LT$3,LM$60,$LK$4:$LT$4))) -> 0 | LN62: =IF((SUMIF($LK$3:$LT$3,LN$60,$LK$4:$LT$4))=0,0,((SUMIF($LK$3:$LT$3,LN$60,$LK111:$LT111))/SUMIF($LK$3:$LT$3,LN$60,$LK$4:$LT$4))) -> 0 | LO62: =IF((SUMIF($LK$3:$LT$3,LO$60,$LK$4:$LT$4))=0,0,((SUMIF($LK$3:$LT$3,LO$60,$LK111:$LT111))/SUMIF($LK$3:$LT$3,LO$60,$LK$4:$LT$4))) -> 0 | LP62: =IF((SUMIF($LK$3:$LT$3,LP$60,$LK$4:$LT$4))=0,0,((SUMIF($LK$3:$LT$3,LP$60,$LK111:$LT111))/SUMIF($LK$3:$LT$3,LP$60,$LK$4:$LT$4))) -> 0 | LQ62: =IF((SUMIF($LK$3:$LT$3,LQ$60,$LK$4:$LT$4))=0,0,((SUMIF($LK$3:$LT$3,LQ$60,$LK111:$LT111))/SUMIF($LK$3:$LT$3,LQ$60,$LK$4:$LT$4))) -> 0 | LR62: =IF((SUMIF($LK$3:$LT$3,LR$60,$LK$4:$LT$4))=0,0,((SUMIF($LK$3:$LT$3,LR$60,$LK111:$LT111))/SUMIF($LK$3:$LT$3,LR$60,$LK$4:$LT$4))) -> 0 | ... LT62: =IF((SUMIF($LK$3:$LT$3,LT$60,$LK$4:$LT$4))=0,0,((SUMIF($LK$3:$LT$3,LT$60,$LK111:$LT111))/SUMIF($LK$3:$LT$3,LT$60,$LK$4:$LT$4))) -> 0
C63: =B7 -> Alumno2 | D63: =IF((SUMIF($D$3:$M$3,D$60,$D$4:$M$4))=0,0,((SUMIF($D$3:$M$3,D$60,$D112:$M112))/SUMIF($D$3:$M$3,D$60,$D$4:$M$4))) -> 5 | E63: =IF((SUMIF($D$3:$M$3,E$60,$D$4:$M$4))=0,0,((SUMIF($D$3:$M$3,E$60,$D112:$M112))/SUMIF($D$3:$M$3,E$60,$D$4:$M$4))) -> 0 | F63: =IF((SUMIF($D$3:$M$3,F$60,$D$4:$M$4))=0,0,((SUMIF($D$3:$M$3,F$60,$D112:$M112))/SUMIF($D$3:$M$3,F$60,$D$4:$M$4))) -> 0 | G63: =IF((SUMIF($D$3:$M$3,G$60,$D$4:$M$4))=0,0,((SUMIF($D$3:$M$3,G$60,$D112:$M112))/SUMIF($D$3:$M$3,G$60,$D$4:$M$4))) -> 0 | H63: =IF((SUMIF($D$3:$M$3,H$60,$D$4:$M$4))=0,0,((SUMIF($D$3:$M$3,H$60,$D112:$M112))/SUMIF($D$3:$M$3,H$60,$D$4:$M$4))) -> 0 | I63: =IF((SUMIF($D$3:$M$3,I$60,$D$4:$M$4))=0,0,((SUMIF($D$3:$M$3,I$60,$D112:$M112))/SUMIF($D$3:$M$3,I$60,$D$4:$M$4))) -> 0 | J63: =IF((SUMIF($D$3:$M$3,J$60,$D$4:$M$4))=0,0,((SUMIF($D$3:$M$3,J$60,$D112:$M112))/SUMIF($D$3:$M$3,J$60,$D$4:$M$4))) -> 0 | K63: =IF((SUMIF($D$3:$M$3,K$60,$D$4:$M$4))=0,0,((SUMIF($D$3:$M$3,K$60,$D112:$M112))/SUMIF($D$3:$M$3,K$60,$D$4:$M$4))) -> 0 | ... M63: =IF((SUMIF($D$3:$M$3,M$60,$D$4:$M$4))=0,0,((SUMIF($D$3:$M$3,M$60,$D112:$M112))/SUMIF($D$3:$M$3,M$60,$D$4:$M$4))) -> 0 | N63: =C63 -> Alumno2 | O63: =IF((SUMIF($O$3:$X$3,O$60,$O$4:$X$4))=0,0,((SUMIF($O$3:$X$3,O$60,$O112:$X112))/SUMIF($O$3:$X$3,O$60,$O$4:$X$4))) -> 5 | P63: =IF((SUMIF($O$3:$X$3,P$60,$O$4:$X$4))=0,0,((SUMIF($O$3:$X$3,P$60,$O112:$X112))/SUMIF($O$3:$X$3,P$60,$O$4:$X$4))) -> 5 | Q63: =IF((SUMIF($O$3:$X$3,Q$60,$O$4:$X$4))=0,0,((SUMIF($O$3:$X$3,Q$60,$O112:$X112))/SUMIF($O$3:$X$3,Q$60,$O$4:$X$4))) -> 0 | R63: =IF((SUMIF($O$3:$X$3,R$60,$O$4:$X$4))=0,0,((SUMIF($O$3:$X$3,R$60,$O112:$X112))/SUMIF($O$3:$X$3,R$60,$O$4:$X$4))) -> 0 | S63: =IF((SUMIF($O$3:$X$3,S$60,$O$4:$X$4))=0,0,((SUMIF($O$3:$X$3,S$60,$O112:$X112))/SUMIF($O$3:$X$3,S$60,$O$4:$X$4))) -> 0 | T63: =IF((SUMIF($O$3:$X$3,T$60,$O$4:$X$4))=0,0,((SUMIF($O$3:$X$3,T$60,$O112:$X112))/SUMIF($O$3:$X$3,T$60,$O$4:$X$4))) -> 0 | U63: =IF((SUMIF($O$3:$X$3,U$60,$O$4:$X$4))=0,0,((SUMIF($O$3:$X$3,U$60,$O112:$X112))/SUMIF($O$3:$X$3,U$60,$O$4:$X$4))) -> 0 | V63: =IF((SUMIF($O$3:$X$3,V$60,$O$4:$X$4))=0,0,((SUMIF($O$3:$X$3,V$60,$O112:$X112))/SUMIF($O$3:$X$3,V$60,$O$4:$X$4))) -> 0 | ... X63: =IF((SUMIF($O$3:$X$3,X$60,$O$4:$X$4))=0,0,((SUMIF($O$3:$X$3,X$60,$O112:$X112))/SUMIF($O$3:$X$3,X$60,$O$4:$X$4))) -> 0 | Y63: =N63 -> Alumno2 | Z63: =IF((SUMIF($Z$3:$AI$3,Z$60,$Z$4:$AI$4))=0,0,((SUMIF($Z$3:$AI$3,Z$60,$Z112:$AI112))/SUMIF($Z$3:$AI$3,Z$60,$Z$4:$AI$4))) -> 5 | AA63: =IF((SUMIF($Z$3:$AI$3,AA$60,$Z$4:$AI$4))=0,0,((SUMIF($Z$3:$AI$3,AA$60,$Z112:$AI112))/SUMIF($Z$3:$AI$3,AA$60,$Z$4:$AI$4))) -> 5 | AB63: =IF((SUMIF($Z$3:$AI$3,AB$60,$Z$4:$AI$4))=0,0,((SUMIF($Z$3:$AI$3,AB$60,$Z112:$AI112))/SUMIF($Z$3:$AI$3,AB$60,$Z$4:$AI$4))) -> 5 | AC63: =IF((SUMIF($Z$3:$AI$3,AC$60,$Z$4:$AI$4))=0,0,((SUMIF($Z$3:$AI$3,AC$60,$Z112:$AI112))/SUMIF($Z$3:$AI$3,AC$60,$Z$4:$AI$4))) -> 0 | AD63: =IF((SUMIF($Z$3:$AI$3,AD$60,$Z$4:$AI$4))=0,0,((SUMIF($Z$3:$AI$3,AD$60,$Z112:$AI112))/SUMIF($Z$3:$AI$3,AD$60,$Z$4:$AI$4))) -> 0 | AE63: =IF((SUMIF($Z$3:$AI$3,AE$60,$Z$4:$AI$4))=0,0,((SUMIF($Z$3:$AI$3,AE$60,$Z112:$AI112))/SUMIF($Z$3:$AI$3,AE$60,$Z$4:$AI$4))) -> 0 | AF63: =IF((SUMIF($Z$3:$AI$3,AF$60,$Z$4:$AI$4))=0,0,((SUMIF($Z$3:$AI$3,AF$60,$Z112:$AI112))/SUMIF($Z$3:$AI$3,AF$60,$Z$4:$AI$4))) -> 0 | AG63: =IF((SUMIF($Z$3:$AI$3,AG$60,$Z$4:$AI$4))=0,0,((SUMIF($Z$3:$AI$3,AG$60,$Z112:$AI112))/SUMIF($Z$3:$AI$3,AG$60,$Z$4:$AI$4))) -> 0 | ... AI63: =IF((SUMIF($Z$3:$AI$3,AI$60,$Z$4:$AI$4))=0,0,((SUMIF($Z$3:$AI$3,AI$60,$Z112:$AI112))/SUMIF($Z$3:$AI$3,AI$60,$Z$4:$AI$4))) -> 0 | AJ63: =Y63 -> Alumno2 | AK63: =IF((SUMIF($AK$3:$AT$3,AK$60,$AK$4:$AT$4))=0,0,((SUMIF($AK$3:$AT$3,AK$60,$AK112:$AT112))/SUMIF($AK$3:$AT$3,AK$60,$AK$4:$AT$4))) -> 5 | AL63: =IF((SUMIF($AK$3:$AT$3,AL$60,$AK$4:$AT$4))=0,0,((SUMIF($AK$3:$AT$3,AL$60,$AK112:$AT112))/SUMIF($AK$3:$AT$3,AL$60,$AK$4:$AT$4))) -> 5 | AM63: =IF((SUMIF($AK$3:$AT$3,AM$60,$AK$4:$AT$4))=0,0,((SUMIF($AK$3:$AT$3,AM$60,$AK112:$AT112))/SUMIF($AK$3:$AT$3,AM$60,$AK$4:$AT$4))) -> 5 | AN63: =IF((SUMIF($AK$3:$AT$3,AN$60,$AK$4:$AT$4))=0,0,((SUMIF($AK$3:$AT$3,AN$60,$AK112:$AT112))/SUMIF($AK$3:$AT$3,AN$60,$AK$4:$AT$4))) -> 0 | AO63: =IF((SUMIF($AK$3:$AT$3,AO$60,$AK$4:$AT$4))=0,0,((SUMIF($AK$3:$AT$3,AO$60,$AK112:$AT112))/SUMIF($AK$3:$AT$3,AO$60,$AK$4:$AT$4))) -> 0 | AP63: =IF((SUMIF($AK$3:$AT$3,AP$60,$AK$4:$AT$4))=0,0,((SUMIF($AK$3:$AT$3,AP$60,$AK112:$AT112))/SUMIF($AK$3:$AT$3,AP$60,$AK$4:$AT$4))) -> 0 | AQ63: =IF((SUMIF($AK$3:$AT$3,AQ$60,$AK$4:$AT$4))=0,0,((SUMIF($AK$3:$AT$3,AQ$60,$AK112:$AT112))/SUMIF($AK$3:$AT$3,AQ$60,$AK$4:$AT$4))) -> 0 | AR63: =IF((SUMIF($AK$3:$AT$3,AR$60,$AK$4:$AT$4))=0,0,((SUMIF($AK$3:$AT$3,AR$60,$AK112:$AT112))/SUMIF($AK$3:$AT$3,AR$60,$AK$4:$AT$4))) -> 0 | ... AT63: =IF((SUMIF($AK$3:$AT$3,AT$60,$AK$4:$AT$4))=0,0,((SUMIF($AK$3:$AT$3,AT$60,$AK112:$AT112))/SUMIF($AK$3:$AT$3,AT$60,$AK$4:$AT$4))) -> 0 | AU63: =AJ63 -> Alumno2 | AV63: =IF((SUMIF($AV$3:$BE$3,AV$60,$AV$4:$BE$4))=0,0,((SUMIF($AV$3:$BE$3,AV$60,$AV112:$BE112))/SUMIF($AV$3:$BE$3,AV$60,$AV$4:$BE$4))) -> 5 | AW63: =IF((SUMIF($AV$3:$BE$3,AW$60,$AV$4:$BE$4))=0,0,((SUMIF($AV$3:$BE$3,AW$60,$AV112:$BE112))/SUMIF($AV$3:$BE$3,AW$60,$AV$4:$BE$4))) -> 5 | AX63: =IF((SUMIF($AV$3:$BE$3,AX$60,$AV$4:$BE$4))=0,0,((SUMIF($AV$3:$BE$3,AX$60,$AV112:$BE112))/SUMIF($AV$3:$BE$3,AX$60,$AV$4:$BE$4))) -> 5 | AY63: =IF((SUMIF($AV$3:$BE$3,AY$60,$AV$4:$BE$4))=0,0,((SUMIF($AV$3:$BE$3,AY$60,$AV112:$BE112))/SUMIF($AV$3:$BE$3,AY$60,$AV$4:$BE$4))) -> 5 | AZ63: =IF((SUMIF($AV$3:$BE$3,AZ$60,$AV$4:$BE$4))=0,0,((SUMIF($AV$3:$BE$3,AZ$60,$AV112:$BE112))/SUMIF($AV$3:$BE$3,AZ$60,$AV$4:$BE$4))) -> 0 | BA63: =IF((SUMIF($AV$3:$BE$3,BA$60,$AV$4:$BE$4))=0,0,((SUMIF($AV$3:$BE$3,BA$60,$AV112:$BE112))/SUMIF($AV$3:$BE$3,BA$60,$AV$4:$BE$4))) -> 0 | BB63: =IF((SUMIF($AV$3:$BE$3,BB$60,$AV$4:$BE$4))=0,0,((SUMIF($AV$3:$BE$3,BB$60,$AV112:$BE112))/SUMIF($AV$3:$BE$3,BB$60,$AV$4:$BE$4))) -> 0 | BC63: =IF((SUMIF($AV$3:$BE$3,BC$60,$AV$4:$BE$4))=0,0,((SUMIF($AV$3:$BE$3,BC$60,$AV112:$BE112))/SUMIF($AV$3:$BE$3,BC$60,$AV$4:$BE$4))) -> 0 | ... BE63: =IF((SUMIF($AV$3:$BE$3,BE$60,$AV$4:$BE$4))=0,0,((SUMIF($AV$3:$BE$3,BE$60,$AV112:$BE112))/SUMIF($AV$3:$BE$3,BE$60,$AV$4:$BE$4))) -> 0 | BF63: =AU63 -> Alumno2 | BG63: =IF((SUMIF($BG$3:$BP$3,BG$60,$BG$4:$BP$4))=0,0,((SUMIF($BG$3:$BP$3,BG$60,$BG112:$BP112))/SUMIF($BG$3:$BP$3,BG$60,$BG$4:$BP$4))) -> 5 | BH63: =IF((SUMIF($BG$3:$BP$3,BH$60,$BG$4:$BP$4))=0,0,((SUMIF($BG$3:$BP$3,BH$60,$BG112:$BP112))/SUMIF($BG$3:$BP$3,BH$60,$BG$4:$BP$4))) -> 5 | BI63: =IF((SUMIF($BG$3:$BP$3,BI$60,$BG$4:$BP$4))=0,0,((SUMIF($BG$3:$BP$3,BI$60,$BG112:$BP112))/SUMIF($BG$3:$BP$3,BI$60,$BG$4:$BP$4))) -> 5 | BJ63: =IF((SUMIF($BG$3:$BP$3,BJ$60,$BG$4:$BP$4))=0,0,((SUMIF($BG$3:$BP$3,BJ$60,$BG112:$BP112))/SUMIF($BG$3:$BP$3,BJ$60,$BG$4:$BP$4))) -> 5 | BK63: =IF((SUMIF($BG$3:$BP$3,BK$60,$BG$4:$BP$4))=0,0,((SUMIF($BG$3:$BP$3,BK$60,$BG112:$BP112))/SUMIF($BG$3:$BP$3,BK$60,$BG$4:$BP$4))) -> 0 | BL63: =IF((SUMIF($BG$3:$BP$3,BL$60,$BG$4:$BP$4))=0,0,((SUMIF($BG$3:$BP$3,BL$60,$BG112:$BP112))/SUMIF($BG$3:$BP$3,BL$60,$BG$4:$BP$4))) -> 0 | BM63: =IF((SUMIF($BG$3:$BP$3,BM$60,$BG$4:$BP$4))=0,0,((SUMIF($BG$3:$BP$3,BM$60,$BG112:$BP112))/SUMIF($BG$3:$BP$3,BM$60,$BG$4:$BP$4))) -> 0 | BN63: =IF((SUMIF($BG$3:$BP$3,BN$60,$BG$4:$BP$4))=0,0,((SUMIF($BG$3:$BP$3,BN$60,$BG112:$BP112))/SUMIF($BG$3:$BP$3,BN$60,$BG$4:$BP$4))) -> 0 | ... BP63: =IF((SUMIF($BG$3:$BP$3,BP$60,$BG$4:$BP$4))=0,0,((SUMIF($BG$3:$BP$3,BP$60,$BG112:$BP112))/SUMIF($BG$3:$BP$3,BP$60,$BG$4:$BP$4))) -> 0 | BQ63: =BF63 -> Alumno2 | BR63: =IF((SUMIF($BR$3:$CA$3,BR$60,$BR$4:$CA$4))=0,0,((SUMIF($BR$3:$CA$3,BR$60,$BR112:$CA112))/SUMIF($BR$3:$CA$3,BR$60,$BR$4:$CA$4))) -> 0 | BS63: =IF((SUMIF($BR$3:$CA$3,BS$60,$BR$4:$CA$4))=0,0,((SUMIF($BR$3:$CA$3,BS$60,$BR112:$CA112))/SUMIF($BR$3:$CA$3,BS$60,$BR$4:$CA$4))) -> 3 | BT63: =IF((SUMIF($BR$3:$CA$3,BT$60,$BR$4:$CA$4))=0,0,((SUMIF($BR$3:$CA$3,BT$60,$BR112:$CA112))/SUMIF($BR$3:$CA$3,BT$60,$BR$4:$CA$4))) -> 2.3333333 | BU63: =IF((SUMIF($BR$3:$CA$3,BU$60,$BR$4:$CA$4))=0,0,((SUMIF($BR$3:$CA$3,BU$60,$BR112:$CA112))/SUMIF($BR$3:$CA$3,BU$60,$BR$4:$CA$4))) -> 4.6 | BV63: =IF((SUMIF($BR$3:$CA$3,BV$60,$BR$4:$CA$4))=0,0,((SUMIF($BR$3:$CA$3,BV$60,$BR112:$CA112))/SUMIF($BR$3:$CA$3,BV$60,$BR$4:$CA$4))) -> 0 | BW63: =IF((SUMIF($BR$3:$CA$3,BW$60,$BR$4:$CA$4))=0,0,((SUMIF($BR$3:$CA$3,BW$60,$BR112:$CA112))/SUMIF($BR$3:$CA$3,BW$60,$BR$4:$CA$4))) -> 0 | BX63: =IF((SUMIF($BR$3:$CA$3,BX$60,$BR$4:$CA$4))=0,0,((SUMIF($BR$3:$CA$3,BX$60,$BR112:$CA112))/SUMIF($BR$3:$CA$3,BX$60,$BR$4:$CA$4))) -> 0 | BY63: =IF((SUMIF($BR$3:$CA$3,BY$60,$BR$4:$CA$4))=0,0,((SUMIF($BR$3:$CA$3,BY$60,$BR112:$CA112))/SUMIF($BR$3:$CA$3,BY$60,$BR$4:$CA$4))) -> 0 | ... CA63: =IF((SUMIF($BR$3:$CA$3,CA$60,$BR$4:$CA$4))=0,0,((SUMIF($BR$3:$CA$3,CA$60,$BR112:$CA112))/SUMIF($BR$3:$CA$3,CA$60,$BR$4:$CA$4))) -> 0 | CB63: =BQ63 -> Alumno2 | CC63: =IF((SUMIF($CC$3:$CL$3,CC$60,$CC$4:$CL$4))=0,0,((SUMIF($CC$3:$CL$3,CC$60,$CC112:$CL112))/SUMIF($CC$3:$CL$3,CC$60,$CC$4:$CL$4))) -> 0 | CD63: =IF((SUMIF($CC$3:$CL$3,CD$60,$CC$4:$CL$4))=0,0,((SUMIF($CC$3:$CL$3,CD$60,$CC112:$CL112))/SUMIF($CC$3:$CL$3,CD$60,$CC$4:$CL$4))) -> 0 | CE63: =IF((SUMIF($CC$3:$CL$3,CE$60,$CC$4:$CL$4))=0,0,((SUMIF($CC$3:$CL$3,CE$60,$CC112:$CL112))/SUMIF($CC$3:$CL$3,CE$60,$CC$4:$CL$4))) -> 0 | CF63: =IF((SUMIF($CC$3:$CL$3,CF$60,$CC$4:$CL$4))=0,0,((SUMIF($CC$3:$CL$3,CF$60,$CC112:$CL112))/SUMIF($CC$3:$CL$3,CF$60,$CC$4:$CL$4))) -> 0 | CG63: =IF((SUMIF($CC$3:$CL$3,CG$60,$CC$4:$CL$4))=0,0,((SUMIF($CC$3:$CL$3,CG$60,$CC112:$CL112))/SUMIF($CC$3:$CL$3,CG$60,$CC$4:$CL$4))) -> 0 | CH63: =IF((SUMIF($CC$3:$CL$3,CH$60,$CC$4:$CL$4))=0,0,((SUMIF($CC$3:$CL$3,CH$60,$CC112:$CL112))/SUMIF($CC$3:$CL$3,CH$60,$CC$4:$CL$4))) -> 0 | CI63: =IF((SUMIF($CC$3:$CL$3,CI$60,$CC$4:$CL$4))=0,0,((SUMIF($CC$3:$CL$3,CI$60,$CC112:$CL112))/SUMIF($CC$3:$CL$3,CI$60,$CC$4:$CL$4))) -> 0 | CJ63: =IF((SUMIF($CC$3:$CL$3,CJ$60,$CC$4:$CL$4))=0,0,((SUMIF($CC$3:$CL$3,CJ$60,$CC112:$CL112))/SUMIF($CC$3:$CL$3,CJ$60,$CC$4:$CL$4))) -> 0 | ... CL63: =IF((SUMIF($CC$3:$CL$3,CL$60,$CC$4:$CL$4))=0,0,((SUMIF($CC$3:$CL$3,CL$60,$CC112:$CL112))/SUMIF($CC$3:$CL$3,CL$60,$CC$4:$CL$4))) -> 0 | CM63: =CB63 -> Alumno2 | CN63: =IF((SUMIF($CN$3:$CW$3,CN$60,$CN$4:$CW$4))=0,0,((SUMIF($CN$3:$CW$3,CN$60,$CN112:$CW112))/SUMIF($CN$3:$CW$3,CN$60,$CN$4:$CW$4))) -> 0 | CO63: =IF((SUMIF($CN$3:$CW$3,CO$60,$CN$4:$CW$4))=0,0,((SUMIF($CN$3:$CW$3,CO$60,$CN112:$CW112))/SUMIF($CN$3:$CW$3,CO$60,$CN$4:$CW$4))) -> 0 | CP63: =IF((SUMIF($CN$3:$CW$3,CP$60,$CN$4:$CW$4))=0,0,((SUMIF($CN$3:$CW$3,CP$60,$CN112:$CW112))/SUMIF($CN$3:$CW$3,CP$60,$CN$4:$CW$4))) -> 0 | CQ63: =IF((SUMIF($CN$3:$CW$3,CQ$60,$CN$4:$CW$4))=0,0,((SUMIF($CN$3:$CW$3,CQ$60,$CN112:$CW112))/SUMIF($CN$3:$CW$3,CQ$60,$CN$4:$CW$4))) -> 0 | CR63: =IF((SUMIF($CN$3:$CW$3,CR$60,$CN$4:$CW$4))=0,0,((SUMIF($CN$3:$CW$3,CR$60,$CN112:$CW112))/SUMIF($CN$3:$CW$3,CR$60,$CN$4:$CW$4))) -> 0 | CS63: =IF((SUMIF($CN$3:$CW$3,CS$60,$CN$4:$CW$4))=0,0,((SUMIF($CN$3:$CW$3,CS$60,$CN112:$CW112))/SUMIF($CN$3:$CW$3,CS$60,$CN$4:$CW$4))) -> 0 | CT63: =IF((SUMIF($CN$3:$CW$3,CT$60,$CN$4:$CW$4))=0,0,((SUMIF($CN$3:$CW$3,CT$60,$CN112:$CW112))/SUMIF($CN$3:$CW$3,CT$60,$CN$4:$CW$4))) -> 0 | CU63: =IF((SUMIF($CN$3:$CW$3,CU$60,$CN$4:$CW$4))=0,0,((SUMIF($CN$3:$CW$3,CU$60,$CN112:$CW112))/SUMIF($CN$3:$CW$3,CU$60,$CN$4:$CW$4))) -> 0 | ... CW63: =IF((SUMIF($CN$3:$CW$3,CW$60,$CN$4:$CW$4))=0,0,((SUMIF($CN$3:$CW$3,CW$60,$CN112:$CW112))/SUMIF($CN$3:$CW$3,CW$60,$CN$4:$CW$4))) -> 0 | CX63: =CM63 -> Alumno2 | CY63: =IF((SUMIF($CY$3:$DH$3,CY$60,$CY$4:$DH$4))=0,0,((SUMIF($CY$3:$DH$3,CY$60,$CY112:$DH112))/SUMIF($CY$3:$DH$3,CY$60,$CY$4:$DH$4))) -> 0 | CZ63: =IF((SUMIF($CY$3:$DH$3,CZ$60,$CY$4:$DH$4))=0,0,((SUMIF($CY$3:$DH$3,CZ$60,$CY112:$DH112))/SUMIF($CY$3:$DH$3,CZ$60,$CY$4:$DH$4))) -> 0 | DA63: =IF((SUMIF($CY$3:$DH$3,DA$60,$CY$4:$DH$4))=0,0,((SUMIF($CY$3:$DH$3,DA$60,$CY112:$DH112))/SUMIF($CY$3:$DH$3,DA$60,$CY$4:$DH$4))) -> 0 | DB63: =IF((SUMIF($CY$3:$DH$3,DB$60,$CY$4:$DH$4))=0,0,((SUMIF($CY$3:$DH$3,DB$60,$CY112:$DH112))/SUMIF($CY$3:$DH$3,DB$60,$CY$4:$DH$4))) -> 0 | DC63: =IF((SUMIF($CY$3:$DH$3,DC$60,$CY$4:$DH$4))=0,0,((SUMIF($CY$3:$DH$3,DC$60,$CY112:$DH112))/SUMIF($CY$3:$DH$3,DC$60,$CY$4:$DH$4))) -> 0 | DD63: =IF((SUMIF($CY$3:$DH$3,DD$60,$CY$4:$DH$4))=0,0,((SUMIF($CY$3:$DH$3,DD$60,$CY112:$DH112))/SUMIF($CY$3:$DH$3,DD$60,$CY$4:$DH$4))) -> 0 | DE63: =IF((SUMIF($CY$3:$DH$3,DE$60,$CY$4:$DH$4))=0,0,((SUMIF($CY$3:$DH$3,DE$60,$CY112:$DH112))/SUMIF($CY$3:$DH$3,DE$60,$CY$4:$DH$4))) -> 0 | DF63: =IF((SUMIF($CY$3:$DH$3,DF$60,$CY$4:$DH$4))=0,0,((SUMIF($CY$3:$DH$3,DF$60,$CY112:$DH112))/SUMIF($CY$3:$DH$3,DF$60,$CY$4:$DH$4))) -> 0 | ... DH63: =IF((SUMIF($CY$3:$DH$3,DH$60,$CY$4:$DH$4))=0,0,((SUMIF($CY$3:$DH$3,DH$60,$CY112:$DH112))/SUMIF($CY$3:$DH$3,DH$60,$CY$4:$DH$4))) -> 0 | DI63: =CX63 -> Alumno2 | DJ63: =IF((SUMIF($DJ$3:$DS$3,DJ$60,$DJ$4:$DS$4))=0,0,((SUMIF($DJ$3:$DS$3,DJ$60,$DJ112:$DS112))/SUMIF($DJ$3:$DS$3,DJ$60,$DJ$4:$DS$4))) -> 0 | DK63: =IF((SUMIF($DJ$3:$DS$3,DK$60,$DJ$4:$DS$4))=0,0,((SUMIF($DJ$3:$DS$3,DK$60,$DJ112:$DS112))/SUMIF($DJ$3:$DS$3,DK$60,$DJ$4:$DS$4))) -> 0 | DL63: =IF((SUMIF($DJ$3:$DS$3,DL$60,$DJ$4:$DS$4))=0,0,((SUMIF($DJ$3:$DS$3,DL$60,$DJ112:$DS112))/SUMIF($DJ$3:$DS$3,DL$60,$DJ$4:$DS$4))) -> 0 | DM63: =IF((SUMIF($DJ$3:$DS$3,DM$60,$DJ$4:$DS$4))=0,0,((SUMIF($DJ$3:$DS$3,DM$60,$DJ112:$DS112))/SUMIF($DJ$3:$DS$3,DM$60,$DJ$4:$DS$4))) -> 0 | DN63: =IF((SUMIF($DJ$3:$DS$3,DN$60,$DJ$4:$DS$4))=0,0,((SUMIF($DJ$3:$DS$3,DN$60,$DJ112:$DS112))/SUMIF($DJ$3:$DS$3,DN$60,$DJ$4:$DS$4))) -> 0 | DO63: =IF((SUMIF($DJ$3:$DS$3,DO$60,$DJ$4:$DS$4))=0,0,((SUMIF($DJ$3:$DS$3,DO$60,$DJ112:$DS112))/SUMIF($DJ$3:$DS$3,DO$60,$DJ$4:$DS$4))) -> 0 | DP63: =IF((SUMIF($DJ$3:$DS$3,DP$60,$DJ$4:$DS$4))=0,0,((SUMIF($DJ$3:$DS$3,DP$60,$DJ112:$DS112))/SUMIF($DJ$3:$DS$3,DP$60,$DJ$4:$DS$4))) -> 0 | DQ63: =IF((SUMIF($DJ$3:$DS$3,DQ$60,$DJ$4:$DS$4))=0,0,((SUMIF($DJ$3:$DS$3,DQ$60,$DJ112:$DS112))/SUMIF($DJ$3:$DS$3,DQ$60,$DJ$4:$DS$4))) -> 0 | ... DS63: =IF((SUMIF($DJ$3:$DS$3,DS$60,$DJ$4:$DS$4))=0,0,((SUMIF($DJ$3:$DS$3,DS$60,$DJ112:$DS112))/SUMIF($DJ$3:$DS$3,DS$60,$DJ$4:$DS$4))) -> 0 | DT63: =DI63 -> Alumno2 | DU63: =IF((SUMIF($DU$3:$ED$3,DU$60,$DU$4:$ED$4))=0,0,((SUMIF($DU$3:$ED$3,DU$60,$DU112:$ED112))/SUMIF($DU$3:$ED$3,DU$60,$DU$4:$ED$4))) -> 0 | DV63: =IF((SUMIF($DU$3:$ED$3,DV$60,$DU$4:$ED$4))=0,0,((SUMIF($DU$3:$ED$3,DV$60,$DU112:$ED112))/SUMIF($DU$3:$ED$3,DV$60,$DU$4:$ED$4))) -> 0 | DW63: =IF((SUMIF($DU$3:$ED$3,DW$60,$DU$4:$ED$4))=0,0,((SUMIF($DU$3:$ED$3,DW$60,$DU112:$ED112))/SUMIF($DU$3:$ED$3,DW$60,$DU$4:$ED$4))) -> 0 | DX63: =IF((SUMIF($DU$3:$ED$3,DX$60,$DU$4:$ED$4))=0,0,((SUMIF($DU$3:$ED$3,DX$60,$DU112:$ED112))/SUMIF($DU$3:$ED$3,DX$60,$DU$4:$ED$4))) -> 0 | DY63: =IF((SUMIF($DU$3:$ED$3,DY$60,$DU$4:$ED$4))=0,0,((SUMIF($DU$3:$ED$3,DY$60,$DU112:$ED112))/SUMIF($DU$3:$ED$3,DY$60,$DU$4:$ED$4))) -> 0 | DZ63: =IF((SUMIF($DU$3:$ED$3,DZ$60,$DU$4:$ED$4))=0,0,((SUMIF($DU$3:$ED$3,DZ$60,$DU112:$ED112))/SUMIF($DU$3:$ED$3,DZ$60,$DU$4:$ED$4))) -> 0 | EA63: =IF((SUMIF($DU$3:$ED$3,EA$60,$DU$4:$ED$4))=0,0,((SUMIF($DU$3:$ED$3,EA$60,$DU112:$ED112))/SUMIF($DU$3:$ED$3,EA$60,$DU$4:$ED$4))) -> 0 | EB63: =IF((SUMIF($DU$3:$ED$3,EB$60,$DU$4:$ED$4))=0,0,((SUMIF($DU$3:$ED$3,EB$60,$DU112:$ED112))/SUMIF($DU$3:$ED$3,EB$60,$DU$4:$ED$4))) -> 0 | ... ED63: =IF((SUMIF($DU$3:$ED$3,ED$60,$DU$4:$ED$4))=0,0,((SUMIF($DU$3:$ED$3,ED$60,$DU112:$ED112))/SUMIF($DU$3:$ED$3,ED$60,$DU$4:$ED$4))) -> 0 | EE63: =DT63 -> Alumno2 | EF63: =IF((SUMIF($EF$3:$EO$3,EF$60,$EF$4:$EO$4))=0,0,((SUMIF($EF$3:$EO$3,EF$60,$EF112:$EO112))/SUMIF($EF$3:$EO$3,EF$60,$EF$4:$EO$4))) -> 0 | EG63: =IF((SUMIF($EF$3:$EO$3,EG$60,$EF$4:$EO$4))=0,0,((SUMIF($EF$3:$EO$3,EG$60,$EF112:$EO112))/SUMIF($EF$3:$EO$3,EG$60,$EF$4:$EO$4))) -> 0 | EH63: =IF((SUMIF($EF$3:$EO$3,EH$60,$EF$4:$EO$4))=0,0,((SUMIF($EF$3:$EO$3,EH$60,$EF112:$EO112))/SUMIF($EF$3:$EO$3,EH$60,$EF$4:$EO$4))) -> 0 | EI63: =IF((SUMIF($EF$3:$EO$3,EI$60,$EF$4:$EO$4))=0,0,((SUMIF($EF$3:$EO$3,EI$60,$EF112:$EO112))/SUMIF($EF$3:$EO$3,EI$60,$EF$4:$EO$4))) -> 0 | EJ63: =IF((SUMIF($EF$3:$EO$3,EJ$60,$EF$4:$EO$4))=0,0,((SUMIF($EF$3:$EO$3,EJ$60,$EF112:$EO112))/SUMIF($EF$3:$EO$3,EJ$60,$EF$4:$EO$4))) -> 0 | EK63: =IF((SUMIF($EF$3:$EO$3,EK$60,$EF$4:$EO$4))=0,0,((SUMIF($EF$3:$EO$3,EK$60,$EF112:$EO112))/SUMIF($EF$3:$EO$3,EK$60,$EF$4:$EO$4))) -> 0 | EL63: =IF((SUMIF($EF$3:$EO$3,EL$60,$EF$4:$EO$4))=0,0,((SUMIF($EF$3:$EO$3,EL$60,$EF112:$EO112))/SUMIF($EF$3:$EO$3,EL$60,$EF$4:$EO$4))) -> 0 | EM63: =IF((SUMIF($EF$3:$EO$3,EM$60,$EF$4:$EO$4))=0,0,((SUMIF($EF$3:$EO$3,EM$60,$EF112:$EO112))/SUMIF($EF$3:$EO$3,EM$60,$EF$4:$EO$4))) -> 0 | ... EO63: =IF((SUMIF($EF$3:$EO$3,EO$60,$EF$4:$EO$4))=0,0,((SUMIF($EF$3:$EO$3,EO$60,$EF112:$EO112))/SUMIF($EF$3:$EO$3,EO$60,$EF$4:$EO$4))) -> 0 | EP63: =EE63 -> Alumno2 | EQ63: =IF((SUMIF($EQ$3:$EZ$3,EQ$60,$EQ$4:$EZ$4))=0,0,((SUMIF($EQ$3:$EZ$3,EQ$60,$EQ112:$EZ112))/SUMIF($EQ$3:$EZ$3,EQ$60,$EQ$4:$EZ$4))) -> 0 | ER63: =IF((SUMIF($EQ$3:$EZ$3,ER$60,$EQ$4:$EZ$4))=0,0,((SUMIF($EQ$3:$EZ$3,ER$60,$EQ112:$EZ112))/SUMIF($EQ$3:$EZ$3,ER$60,$EQ$4:$EZ$4))) -> 0 | ES63: =IF((SUMIF($EQ$3:$EZ$3,ES$60,$EQ$4:$EZ$4))=0,0,((SUMIF($EQ$3:$EZ$3,ES$60,$EQ112:$EZ112))/SUMIF($EQ$3:$EZ$3,ES$60,$EQ$4:$EZ$4))) -> 0 | ET63: =IF((SUMIF($EQ$3:$EZ$3,ET$60,$EQ$4:$EZ$4))=0,0,((SUMIF($EQ$3:$EZ$3,ET$60,$EQ112:$EZ112))/SUMIF($EQ$3:$EZ$3,ET$60,$EQ$4:$EZ$4))) -> 0 | EU63: =IF((SUMIF($EQ$3:$EZ$3,EU$60,$EQ$4:$EZ$4))=0,0,((SUMIF($EQ$3:$EZ$3,EU$60,$EQ112:$EZ112))/SUMIF($EQ$3:$EZ$3,EU$60,$EQ$4:$EZ$4))) -> 0 | EV63: =IF((SUMIF($EQ$3:$EZ$3,EV$60,$EQ$4:$EZ$4))=0,0,((SUMIF($EQ$3:$EZ$3,EV$60,$EQ112:$EZ112))/SUMIF($EQ$3:$EZ$3,EV$60,$EQ$4:$EZ$4))) -> 0 | EW63: =IF((SUMIF($EQ$3:$EZ$3,EW$60,$EQ$4:$EZ$4))=0,0,((SUMIF($EQ$3:$EZ$3,EW$60,$EQ112:$EZ112))/SUMIF($EQ$3:$EZ$3,EW$60,$EQ$4:$EZ$4))) -> 0 | EX63: =IF((SUMIF($EQ$3:$EZ$3,EX$60,$EQ$4:$EZ$4))=0,0,((SUMIF($EQ$3:$EZ$3,EX$60,$EQ112:$EZ112))/SUMIF($EQ$3:$EZ$3,EX$60,$EQ$4:$EZ$4))) -> 0 | ... EZ63: =IF((SUMIF($EQ$3:$EZ$3,EZ$60,$EQ$4:$EZ$4))=0,0,((SUMIF($EQ$3:$EZ$3,EZ$60,$EQ112:$EZ112))/SUMIF($EQ$3:$EZ$3,EZ$60,$EQ$4:$EZ$4))) -> 0 | FA63: =EP63 -> Alumno2 | FB63: =IF((SUMIF($FB$3:$FK$3,FB$60,$FB$4:$FK$4))=0,0,((SUMIF($FB$3:$FK$3,FB$60,$FB112:$FK112))/SUMIF($FB$3:$FK$3,FB$60,$FB$4:$FK$4))) -> 0 | FC63: =IF((SUMIF($FB$3:$FK$3,FC$60,$FB$4:$FK$4))=0,0,((SUMIF($FB$3:$FK$3,FC$60,$FB112:$FK112))/SUMIF($FB$3:$FK$3,FC$60,$FB$4:$FK$4))) -> 0 | FD63: =IF((SUMIF($FB$3:$FK$3,FD$60,$FB$4:$FK$4))=0,0,((SUMIF($FB$3:$FK$3,FD$60,$FB112:$FK112))/SUMIF($FB$3:$FK$3,FD$60,$FB$4:$FK$4))) -> 0 | FE63: =IF((SUMIF($FB$3:$FK$3,FE$60,$FB$4:$FK$4))=0,0,((SUMIF($FB$3:$FK$3,FE$60,$FB112:$FK112))/SUMIF($FB$3:$FK$3,FE$60,$FB$4:$FK$4))) -> 0 | FF63: =IF((SUMIF($FB$3:$FK$3,FF$60,$FB$4:$FK$4))=0,0,((SUMIF($FB$3:$FK$3,FF$60,$FB112:$FK112))/SUMIF($FB$3:$FK$3,FF$60,$FB$4:$FK$4))) -> 0 | FG63: =IF((SUMIF($FB$3:$FK$3,FG$60,$FB$4:$FK$4))=0,0,((SUMIF($FB$3:$FK$3,FG$60,$FB112:$FK112))/SUMIF($FB$3:$FK$3,FG$60,$FB$4:$FK$4))) -> 0 | FH63: =IF((SUMIF($FB$3:$FK$3,FH$60,$FB$4:$FK$4))=0,0,((SUMIF($FB$3:$FK$3,FH$60,$FB112:$FK112))/SUMIF($FB$3:$FK$3,FH$60,$FB$4:$FK$4))) -> 0 | FI63: =IF((SUMIF($FB$3:$FK$3,FI$60,$FB$4:$FK$4))=0,0,((SUMIF($FB$3:$FK$3,FI$60,$FB112:$FK112))/SUMIF($FB$3:$FK$3,FI$60,$FB$4:$FK$4))) -> 0 | ... FK63: =IF((SUMIF($FB$3:$FK$3,FK$60,$FB$4:$FK$4))=0,0,((SUMIF($FB$3:$FK$3,FK$60,$FB112:$FK112))/SUMIF($FB$3:$FK$3,FK$60,$FB$4:$FK$4))) -> 0 | FL63: =FA63 -> Alumno2 | FM63: =IF((SUMIF($FM$3:$FV$3,FM$60,$FM$4:$FV$4))=0,0,((SUMIF($FM$3:$FV$3,FM$60,$FM112:$FV112))/SUMIF($FM$3:$FV$3,FM$60,$FM$4:$FV$4))) -> 0 | FN63: =IF((SUMIF($FM$3:$FV$3,FN$60,$FM$4:$FV$4))=0,0,((SUMIF($FM$3:$FV$3,FN$60,$FM112:$FV112))/SUMIF($FM$3:$FV$3,FN$60,$FM$4:$FV$4))) -> 0 | FO63: =IF((SUMIF($FM$3:$FV$3,FO$60,$FM$4:$FV$4))=0,0,((SUMIF($FM$3:$FV$3,FO$60,$FM112:$FV112))/SUMIF($FM$3:$FV$3,FO$60,$FM$4:$FV$4))) -> 0 | FP63: =IF((SUMIF($FM$3:$FV$3,FP$60,$FM$4:$FV$4))=0,0,((SUMIF($FM$3:$FV$3,FP$60,$FM112:$FV112))/SUMIF($FM$3:$FV$3,FP$60,$FM$4:$FV$4))) -> 0 | FQ63: =IF((SUMIF($FM$3:$FV$3,FQ$60,$FM$4:$FV$4))=0,0,((SUMIF($FM$3:$FV$3,FQ$60,$FM112:$FV112))/SUMIF($FM$3:$FV$3,FQ$60,$FM$4:$FV$4))) -> 0 | FR63: =IF((SUMIF($FM$3:$FV$3,FR$60,$FM$4:$FV$4))=0,0,((SUMIF($FM$3:$FV$3,FR$60,$FM112:$FV112))/SUMIF($FM$3:$FV$3,FR$60,$FM$4:$FV$4))) -> 0 | FS63: =IF((SUMIF($FM$3:$FV$3,FS$60,$FM$4:$FV$4))=0,0,((SUMIF($FM$3:$FV$3,FS$60,$FM112:$FV112))/SUMIF($FM$3:$FV$3,FS$60,$FM$4:$FV$4))) -> 0 | FT63: =IF((SUMIF($FM$3:$FV$3,FT$60,$FM$4:$FV$4))=0,0,((SUMIF($FM$3:$FV$3,FT$60,$FM112:$FV112))/SUMIF($FM$3:$FV$3,FT$60,$FM$4:$FV$4))) -> 0 | ... FV63: =IF((SUMIF($FM$3:$FV$3,FV$60,$FM$4:$FV$4))=0,0,((SUMIF($FM$3:$FV$3,FV$60,$FM112:$FV112))/SUMIF($FM$3:$FV$3,FV$60,$FM$4:$FV$4))) -> 0 | FW63: =FL63 -> Alumno2 | FX63: =IF((SUMIF($FX$3:$GG$3,FX$60,$FX$4:$GG$4))=0,0,((SUMIF($FX$3:$GG$3,FX$60,$FX112:$GG112))/SUMIF($FX$3:$GG$3,FX$60,$FX$4:$GG$4))) -> 0 | FY63: =IF((SUMIF($FX$3:$GG$3,FY$60,$FX$4:$GG$4))=0,0,((SUMIF($FX$3:$GG$3,FY$60,$FX112:$GG112))/SUMIF($FX$3:$GG$3,FY$60,$FX$4:$GG$4))) -> 0 | FZ63: =IF((SUMIF($FX$3:$GG$3,FZ$60,$FX$4:$GG$4))=0,0,((SUMIF($FX$3:$GG$3,FZ$60,$FX112:$GG112))/SUMIF($FX$3:$GG$3,FZ$60,$FX$4:$GG$4))) -> 0 | GA63: =IF((SUMIF($FX$3:$GG$3,GA$60,$FX$4:$GG$4))=0,0,((SUMIF($FX$3:$GG$3,GA$60,$FX112:$GG112))/SUMIF($FX$3:$GG$3,GA$60,$FX$4:$GG$4))) -> 0 | GB63: =IF((SUMIF($FX$3:$GG$3,GB$60,$FX$4:$GG$4))=0,0,((SUMIF($FX$3:$GG$3,GB$60,$FX112:$GG112))/SUMIF($FX$3:$GG$3,GB$60,$FX$4:$GG$4))) -> 0 | GC63: =IF((SUMIF($FX$3:$GG$3,GC$60,$FX$4:$GG$4))=0,0,((SUMIF($FX$3:$GG$3,GC$60,$FX112:$GG112))/SUMIF($FX$3:$GG$3,GC$60,$FX$4:$GG$4))) -> 0 | GD63: =IF((SUMIF($FX$3:$GG$3,GD$60,$FX$4:$GG$4))=0,0,((SUMIF($FX$3:$GG$3,GD$60,$FX112:$GG112))/SUMIF($FX$3:$GG$3,GD$60,$FX$4:$GG$4))) -> 0 | GE63: =IF((SUMIF($FX$3:$GG$3,GE$60,$FX$4:$GG$4))=0,0,((SUMIF($FX$3:$GG$3,GE$60,$FX112:$GG112))/SUMIF($FX$3:$GG$3,GE$60,$FX$4:$GG$4))) -> 0 | ... GG63: =IF((SUMIF($FX$3:$GG$3,GG$60,$FX$4:$GG$4))=0,0,((SUMIF($FX$3:$GG$3,GG$60,$FX112:$GG112))/SUMIF($FX$3:$GG$3,GG$60,$FX$4:$GG$4))) -> 0 | GH63: =FW63 -> Alumno2 | GI63: =IF((SUMIF($GI$3:$GR$3,GI$60,$GI$4:$GR$4))=0,0,((SUMIF($GI$3:$GR$3,GI$60,$GI112:$GR112))/SUMIF($GI$3:$GR$3,GI$60,$GI$4:$GR$4))) -> 0 | GJ63: =IF((SUMIF($GI$3:$GR$3,GJ$60,$GI$4:$GR$4))=0,0,((SUMIF($GI$3:$GR$3,GJ$60,$GI112:$GR112))/SUMIF($GI$3:$GR$3,GJ$60,$GI$4:$GR$4))) -> 0 | GK63: =IF((SUMIF($GI$3:$GR$3,GK$60,$GI$4:$GR$4))=0,0,((SUMIF($GI$3:$GR$3,GK$60,$GI112:$GR112))/SUMIF($GI$3:$GR$3,GK$60,$GI$4:$GR$4))) -> 0 | GL63: =IF((SUMIF($GI$3:$GR$3,GL$60,$GI$4:$GR$4))=0,0,((SUMIF($GI$3:$GR$3,GL$60,$GI112:$GR112))/SUMIF($GI$3:$GR$3,GL$60,$GI$4:$GR$4))) -> 0 | GM63: =IF((SUMIF($GI$3:$GR$3,GM$60,$GI$4:$GR$4))=0,0,((SUMIF($GI$3:$GR$3,GM$60,$GI112:$GR112))/SUMIF($GI$3:$GR$3,GM$60,$GI$4:$GR$4))) -> 0 | GN63: =IF((SUMIF($GI$3:$GR$3,GN$60,$GI$4:$GR$4))=0,0,((SUMIF($GI$3:$GR$3,GN$60,$GI112:$GR112))/SUMIF($GI$3:$GR$3,GN$60,$GI$4:$GR$4))) -> 0 | GO63: =IF((SUMIF($GI$3:$GR$3,GO$60,$GI$4:$GR$4))=0,0,((SUMIF($GI$3:$GR$3,GO$60,$GI112:$GR112))/SUMIF($GI$3:$GR$3,GO$60,$GI$4:$GR$4))) -> 0 | GP63: =IF((SUMIF($GI$3:$GR$3,GP$60,$GI$4:$GR$4))=0,0,((SUMIF($GI$3:$GR$3,GP$60,$GI112:$GR112))/SUMIF($GI$3:$GR$3,GP$60,$GI$4:$GR$4))) -> 0 | ... GR63: =IF((SUMIF($GI$3:$GR$3,GR$60,$GI$4:$GR$4))=0,0,((SUMIF($GI$3:$GR$3,GR$60,$GI112:$GR112))/SUMIF($GI$3:$GR$3,GR$60,$GI$4:$GR$4))) -> 0 | GS63: =GH63 -> Alumno2 | GT63: =IF((SUMIF($GT$3:$HC$3,GT$60,$GT$4:$HC$4))=0,0,((SUMIF($GT$3:$HC$3,GT$60,$GT112:$HC112))/SUMIF($GT$3:$HC$3,GT$60,$GT$4:$HC$4))) -> 0 | GU63: =IF((SUMIF($GT$3:$HC$3,GU$60,$GT$4:$HC$4))=0,0,((SUMIF($GT$3:$HC$3,GU$60,$GT112:$HC112))/SUMIF($GT$3:$HC$3,GU$60,$GT$4:$HC$4))) -> 0 | GV63: =IF((SUMIF($GT$3:$HC$3,GV$60,$GT$4:$HC$4))=0,0,((SUMIF($GT$3:$HC$3,GV$60,$GT112:$HC112))/SUMIF($GT$3:$HC$3,GV$60,$GT$4:$HC$4))) -> 0 | GW63: =IF((SUMIF($GT$3:$HC$3,GW$60,$GT$4:$HC$4))=0,0,((SUMIF($GT$3:$HC$3,GW$60,$GT112:$HC112))/SUMIF($GT$3:$HC$3,GW$60,$GT$4:$HC$4))) -> 0 | GX63: =IF((SUMIF($GT$3:$HC$3,GX$60,$GT$4:$HC$4))=0,0,((SUMIF($GT$3:$HC$3,GX$60,$GT112:$HC112))/SUMIF($GT$3:$HC$3,GX$60,$GT$4:$HC$4))) -> 0 | GY63: =IF((SUMIF($GT$3:$HC$3,GY$60,$GT$4:$HC$4))=0,0,((SUMIF($GT$3:$HC$3,GY$60,$GT112:$HC112))/SUMIF($GT$3:$HC$3,GY$60,$GT$4:$HC$4))) -> 0 | GZ63: =IF((SUMIF($GT$3:$HC$3,GZ$60,$GT$4:$HC$4))=0,0,((SUMIF($GT$3:$HC$3,GZ$60,$GT112:$HC112))/SUMIF($GT$3:$HC$3,GZ$60,$GT$4:$HC$4))) -> 0 | HA63: =IF((SUMIF($GT$3:$HC$3,HA$60,$GT$4:$HC$4))=0,0,((SUMIF($GT$3:$HC$3,HA$60,$GT112:$HC112))/SUMIF($GT$3:$HC$3,HA$60,$GT$4:$HC$4))) -> 0 | ... HC63: =IF((SUMIF($GT$3:$HC$3,HC$60,$GT$4:$HC$4))=0,0,((SUMIF($GT$3:$HC$3,HC$60,$GT112:$HC112))/SUMIF($GT$3:$HC$3,HC$60,$GT$4:$HC$4))) -> 0 | HD63: =GS63 -> Alumno2 | HE63: =IF((SUMIF($HE$3:$HN$3,HE$60,$HE$4:$HN$4))=0,0,((SUMIF($HE$3:$HN$3,HE$60,$HE112:$HN112))/SUMIF($HE$3:$HN$3,HE$60,$HE$4:$HN$4))) -> 0 | HF63: =IF((SUMIF($HE$3:$HN$3,HF$60,$HE$4:$HN$4))=0,0,((SUMIF($HE$3:$HN$3,HF$60,$HE112:$HN112))/SUMIF($HE$3:$HN$3,HF$60,$HE$4:$HN$4))) -> 0 | HG63: =IF((SUMIF($HE$3:$HN$3,HG$60,$HE$4:$HN$4))=0,0,((SUMIF($HE$3:$HN$3,HG$60,$HE112:$HN112))/SUMIF($HE$3:$HN$3,HG$60,$HE$4:$HN$4))) -> 0 | HH63: =IF((SUMIF($HE$3:$HN$3,HH$60,$HE$4:$HN$4))=0,0,((SUMIF($HE$3:$HN$3,HH$60,$HE112:$HN112))/SUMIF($HE$3:$HN$3,HH$60,$HE$4:$HN$4))) -> 0 | HI63: =IF((SUMIF($HE$3:$HN$3,HI$60,$HE$4:$HN$4))=0,0,((SUMIF($HE$3:$HN$3,HI$60,$HE112:$HN112))/SUMIF($HE$3:$HN$3,HI$60,$HE$4:$HN$4))) -> 0 | HJ63: =IF((SUMIF($HE$3:$HN$3,HJ$60,$HE$4:$HN$4))=0,0,((SUMIF($HE$3:$HN$3,HJ$60,$HE112:$HN112))/SUMIF($HE$3:$HN$3,HJ$60,$HE$4:$HN$4))) -> 0 | HK63: =IF((SUMIF($HE$3:$HN$3,HK$60,$HE$4:$HN$4))=0,0,((SUMIF($HE$3:$HN$3,HK$60,$HE112:$HN112))/SUMIF($HE$3:$HN$3,HK$60,$HE$4:$HN$4))) -> 0 | HL63: =IF((SUMIF($HE$3:$HN$3,HL$60,$HE$4:$HN$4))=0,0,((SUMIF($HE$3:$HN$3,HL$60,$HE112:$HN112))/SUMIF($HE$3:$HN$3,HL$60,$HE$4:$HN$4))) -> 0 | ... HN63: =IF((SUMIF($HE$3:$HN$3,HN$60,$HE$4:$HN$4))=0,0,((SUMIF($HE$3:$HN$3,HN$60,$HE112:$HN112))/SUMIF($HE$3:$HN$3,HN$60,$HE$4:$HN$4))) -> 0 | HO63: =HD63 -> Alumno2 | HP63: =IF((SUMIF($HP$3:$HY$3,HP$60,$HP$4:$HY$4))=0,0,((SUMIF($HP$3:$HY$3,HP$60,$HP112:$HY112))/SUMIF($HP$3:$HY$3,HP$60,$HP$4:$HY$4))) -> 0 | HQ63: =IF((SUMIF($HP$3:$HY$3,HQ$60,$HP$4:$HY$4))=0,0,((SUMIF($HP$3:$HY$3,HQ$60,$HP112:$HY112))/SUMIF($HP$3:$HY$3,HQ$60,$HP$4:$HY$4))) -> 0 | HR63: =IF((SUMIF($HP$3:$HY$3,HR$60,$HP$4:$HY$4))=0,0,((SUMIF($HP$3:$HY$3,HR$60,$HP112:$HY112))/SUMIF($HP$3:$HY$3,HR$60,$HP$4:$HY$4))) -> 0 | HS63: =IF((SUMIF($HP$3:$HY$3,HS$60,$HP$4:$HY$4))=0,0,((SUMIF($HP$3:$HY$3,HS$60,$HP112:$HY112))/SUMIF($HP$3:$HY$3,HS$60,$HP$4:$HY$4))) -> 0 | HT63: =IF((SUMIF($HP$3:$HY$3,HT$60,$HP$4:$HY$4))=0,0,((SUMIF($HP$3:$HY$3,HT$60,$HP112:$HY112))/SUMIF($HP$3:$HY$3,HT$60,$HP$4:$HY$4))) -> 0 | HU63: =IF((SUMIF($HP$3:$HY$3,HU$60,$HP$4:$HY$4))=0,0,((SUMIF($HP$3:$HY$3,HU$60,$HP112:$HY112))/SUMIF($HP$3:$HY$3,HU$60,$HP$4:$HY$4))) -> 0 | HV63: =IF((SUMIF($HP$3:$HY$3,HV$60,$HP$4:$HY$4))=0,0,((SUMIF($HP$3:$HY$3,HV$60,$HP112:$HY112))/SUMIF($HP$3:$HY$3,HV$60,$HP$4:$HY$4))) -> 0 | HW63: =IF((SUMIF($HP$3:$HY$3,HW$60,$HP$4:$HY$4))=0,0,((SUMIF($HP$3:$HY$3,HW$60,$HP112:$HY112))/SUMIF($HP$3:$HY$3,HW$60,$HP$4:$HY$4))) -> 0 | ... HY63: =IF((SUMIF($HP$3:$HY$3,HY$60,$HP$4:$HY$4))=0,0,((SUMIF($HP$3:$HY$3,HY$60,$HP112:$HY112))/SUMIF($HP$3:$HY$3,HY$60,$HP$4:$HY$4))) -> 0 | HZ63: =HO63 -> Alumno2 | IA63: =IF((SUMIF($IA$3:$IJ$3,IA$60,$IA$4:$IJ$4))=0,0,((SUMIF($IA$3:$IJ$3,IA$60,$IA112:$IJ112))/SUMIF($IA$3:$IJ$3,IA$60,$IA$4:$IJ$4))) -> 0 | IB63: =IF((SUMIF($IA$3:$IJ$3,IB$60,$IA$4:$IJ$4))=0,0,((SUMIF($IA$3:$IJ$3,IB$60,$IA112:$IJ112))/SUMIF($IA$3:$IJ$3,IB$60,$IA$4:$IJ$4))) -> 0 | IC63: =IF((SUMIF($IA$3:$IJ$3,IC$60,$IA$4:$IJ$4))=0,0,((SUMIF($IA$3:$IJ$3,IC$60,$IA112:$IJ112))/SUMIF($IA$3:$IJ$3,IC$60,$IA$4:$IJ$4))) -> 0 | ID63: =IF((SUMIF($IA$3:$IJ$3,ID$60,$IA$4:$IJ$4))=0,0,((SUMIF($IA$3:$IJ$3,ID$60,$IA112:$IJ112))/SUMIF($IA$3:$IJ$3,ID$60,$IA$4:$IJ$4))) -> 0 | IE63: =IF((SUMIF($IA$3:$IJ$3,IE$60,$IA$4:$IJ$4))=0,0,((SUMIF($IA$3:$IJ$3,IE$60,$IA112:$IJ112))/SUMIF($IA$3:$IJ$3,IE$60,$IA$4:$IJ$4))) -> 0 | IF63: =IF((SUMIF($IA$3:$IJ$3,IF$60,$IA$4:$IJ$4))=0,0,((SUMIF($IA$3:$IJ$3,IF$60,$IA112:$IJ112))/SUMIF($IA$3:$IJ$3,IF$60,$IA$4:$IJ$4))) -> 0 | IG63: =IF((SUMIF($IA$3:$IJ$3,IG$60,$IA$4:$IJ$4))=0,0,((SUMIF($IA$3:$IJ$3,IG$60,$IA112:$IJ112))/SUMIF($IA$3:$IJ$3,IG$60,$IA$4:$IJ$4))) -> 0 | IH63: =IF((SUMIF($IA$3:$IJ$3,IH$60,$IA$4:$IJ$4))=0,0,((SUMIF($IA$3:$IJ$3,IH$60,$IA112:$IJ112))/SUMIF($IA$3:$IJ$3,IH$60,$IA$4:$IJ$4))) -> 0 | ... IJ63: =IF((SUMIF($IA$3:$IJ$3,IJ$60,$IA$4:$IJ$4))=0,0,((SUMIF($IA$3:$IJ$3,IJ$60,$IA112:$IJ112))/SUMIF($IA$3:$IJ$3,IJ$60,$IA$4:$IJ$4))) -> 0 | IK63: =HZ63 -> Alumno2 | IL63: =IF((SUMIF($IL$3:$IU$3,IL$60,$IL$4:$IU$4))=0,0,((SUMIF($IL$3:$IU$3,IL$60,$IL112:$IU112))/SUMIF($IL$3:$IU$3,IL$60,$IL$4:$IU$4))) -> 0 | IM63: =IF((SUMIF($IL$3:$IU$3,IM$60,$IL$4:$IU$4))=0,0,((SUMIF($IL$3:$IU$3,IM$60,$IL112:$IU112))/SUMIF($IL$3:$IU$3,IM$60,$IL$4:$IU$4))) -> 0 | IN63: =IF((SUMIF($IL$3:$IU$3,IN$60,$IL$4:$IU$4))=0,0,((SUMIF($IL$3:$IU$3,IN$60,$IL112:$IU112))/SUMIF($IL$3:$IU$3,IN$60,$IL$4:$IU$4))) -> 0 | IO63: =IF((SUMIF($IL$3:$IU$3,IO$60,$IL$4:$IU$4))=0,0,((SUMIF($IL$3:$IU$3,IO$60,$IL112:$IU112))/SUMIF($IL$3:$IU$3,IO$60,$IL$4:$IU$4))) -> 0 | IP63: =IF((SUMIF($IL$3:$IU$3,IP$60,$IL$4:$IU$4))=0,0,((SUMIF($IL$3:$IU$3,IP$60,$IL112:$IU112))/SUMIF($IL$3:$IU$3,IP$60,$IL$4:$IU$4))) -> 0 | IQ63: =IF((SUMIF($IL$3:$IU$3,IQ$60,$IL$4:$IU$4))=0,0,((SUMIF($IL$3:$IU$3,IQ$60,$IL112:$IU112))/SUMIF($IL$3:$IU$3,IQ$60,$IL$4:$IU$4))) -> 0 | IR63: =IF((SUMIF($IL$3:$IU$3,IR$60,$IL$4:$IU$4))=0,0,((SUMIF($IL$3:$IU$3,IR$60,$IL112:$IU112))/SUMIF($IL$3:$IU$3,IR$60,$IL$4:$IU$4))) -> 0 | IS63: =IF((SUMIF($IL$3:$IU$3,IS$60,$IL$4:$IU$4))=0,0,((SUMIF($IL$3:$IU$3,IS$60,$IL112:$IU112))/SUMIF($IL$3:$IU$3,IS$60,$IL$4:$IU$4))) -> 0 | ... IU63: =IF((SUMIF($IL$3:$IU$3,IU$60,$IL$4:$IU$4))=0,0,((SUMIF($IL$3:$IU$3,IU$60,$IL112:$IU112))/SUMIF($IL$3:$IU$3,IU$60,$IL$4:$IU$4))) -> 0 | IV63: =IK63 -> Alumno2 | IW63: =IF((SUMIF($IW$3:$JF$3,IW$60,$IW$4:$JF$4))=0,0,((SUMIF($IW$3:$JF$3,IW$60,$IW112:$JF112))/SUMIF($IW$3:$JF$3,IW$60,$IW$4:$JF$4))) -> 0 | IX63: =IF((SUMIF($IW$3:$JF$3,IX$60,$IW$4:$JF$4))=0,0,((SUMIF($IW$3:$JF$3,IX$60,$IW112:$JF112))/SUMIF($IW$3:$JF$3,IX$60,$IW$4:$JF$4))) -> 0 | IY63: =IF((SUMIF($IW$3:$JF$3,IY$60,$IW$4:$JF$4))=0,0,((SUMIF($IW$3:$JF$3,IY$60,$IW112:$JF112))/SUMIF($IW$3:$JF$3,IY$60,$IW$4:$JF$4))) -> 0 | IZ63: =IF((SUMIF($IW$3:$JF$3,IZ$60,$IW$4:$JF$4))=0,0,((SUMIF($IW$3:$JF$3,IZ$60,$IW112:$JF112))/SUMIF($IW$3:$JF$3,IZ$60,$IW$4:$JF$4))) -> 0 | JA63: =IF((SUMIF($IW$3:$JF$3,JA$60,$IW$4:$JF$4))=0,0,((SUMIF($IW$3:$JF$3,JA$60,$IW112:$JF112))/SUMIF($IW$3:$JF$3,JA$60,$IW$4:$JF$4))) -> 0 | JB63: =IF((SUMIF($IW$3:$JF$3,JB$60,$IW$4:$JF$4))=0,0,((SUMIF($IW$3:$JF$3,JB$60,$IW112:$JF112))/SUMIF($IW$3:$JF$3,JB$60,$IW$4:$JF$4))) -> 0 | JC63: =IF((SUMIF($IW$3:$JF$3,JC$60,$IW$4:$JF$4))=0,0,((SUMIF($IW$3:$JF$3,JC$60,$IW112:$JF112))/SUMIF($IW$3:$JF$3,JC$60,$IW$4:$JF$4))) -> 0 | JD63: =IF((SUMIF($IW$3:$JF$3,JD$60,$IW$4:$JF$4))=0,0,((SUMIF($IW$3:$JF$3,JD$60,$IW112:$JF112))/SUMIF($IW$3:$JF$3,JD$60,$IW$4:$JF$4))) -> 0 | ... JF63: =IF((SUMIF($IW$3:$JF$3,JF$60,$IW$4:$JF$4))=0,0,((SUMIF($IW$3:$JF$3,JF$60,$IW112:$JF112))/SUMIF($IW$3:$JF$3,JF$60,$IW$4:$JF$4))) -> 0 | JG63: =IV63 -> Alumno2 | JH63: =IF((SUMIF($JH$3:$JQ$3,JH$60,$JH$4:$JQ$4))=0,0,((SUMIF($JH$3:$JQ$3,JH$60,$JH112:$JQ112))/SUMIF($JH$3:$JQ$3,JH$60,$JH$4:$JQ$4))) -> 0 | JI63: =IF((SUMIF($JH$3:$JQ$3,JI$60,$JH$4:$JQ$4))=0,0,((SUMIF($JH$3:$JQ$3,JI$60,$JH112:$JQ112))/SUMIF($JH$3:$JQ$3,JI$60,$JH$4:$JQ$4))) -> 0 | JJ63: =IF((SUMIF($JH$3:$JQ$3,JJ$60,$JH$4:$JQ$4))=0,0,((SUMIF($JH$3:$JQ$3,JJ$60,$JH112:$JQ112))/SUMIF($JH$3:$JQ$3,JJ$60,$JH$4:$JQ$4))) -> 0 | JK63: =IF((SUMIF($JH$3:$JQ$3,JK$60,$JH$4:$JQ$4))=0,0,((SUMIF($JH$3:$JQ$3,JK$60,$JH112:$JQ112))/SUMIF($JH$3:$JQ$3,JK$60,$JH$4:$JQ$4))) -> 0 | JL63: =IF((SUMIF($JH$3:$JQ$3,JL$60,$JH$4:$JQ$4))=0,0,((SUMIF($JH$3:$JQ$3,JL$60,$JH112:$JQ112))/SUMIF($JH$3:$JQ$3,JL$60,$JH$4:$JQ$4))) -> 0 | JM63: =IF((SUMIF($JH$3:$JQ$3,JM$60,$JH$4:$JQ$4))=0,0,((SUMIF($JH$3:$JQ$3,JM$60,$JH112:$JQ112))/SUMIF($JH$3:$JQ$3,JM$60,$JH$4:$JQ$4))) -> 0 | JN63: =IF((SUMIF($JH$3:$JQ$3,JN$60,$JH$4:$JQ$4))=0,0,((SUMIF($JH$3:$JQ$3,JN$60,$JH112:$JQ112))/SUMIF($JH$3:$JQ$3,JN$60,$JH$4:$JQ$4))) -> 0 | JO63: =IF((SUMIF($JH$3:$JQ$3,JO$60,$JH$4:$JQ$4))=0,0,((SUMIF($JH$3:$JQ$3,JO$60,$JH112:$JQ112))/SUMIF($JH$3:$JQ$3,JO$60,$JH$4:$JQ$4))) -> 0 | ... JQ63: =IF((SUMIF($JH$3:$JQ$3,JQ$60,$JH$4:$JQ$4))=0,0,((SUMIF($JH$3:$JQ$3,JQ$60,$JH112:$JQ112))/SUMIF($JH$3:$JQ$3,JQ$60,$JH$4:$JQ$4))) -> 0 | JR63: =JG63 -> Alumno2 | JS63: =IF((SUMIF($JS$3:$KB$3,JS$60,$JS$4:$KB$4))=0,0,((SUMIF($JS$3:$KB$3,JS$60,$JS112:$KB112))/SUMIF($JS$3:$KB$3,JS$60,$JS$4:$KB$4))) -> 0 | JT63: =IF((SUMIF($JS$3:$KB$3,JT$60,$JS$4:$KB$4))=0,0,((SUMIF($JS$3:$KB$3,JT$60,$JS112:$KB112))/SUMIF($JS$3:$KB$3,JT$60,$JS$4:$KB$4))) -> 0 | JU63: =IF((SUMIF($JS$3:$KB$3,JU$60,$JS$4:$KB$4))=0,0,((SUMIF($JS$3:$KB$3,JU$60,$JS112:$KB112))/SUMIF($JS$3:$KB$3,JU$60,$JS$4:$KB$4))) -> 0 | JV63: =IF((SUMIF($JS$3:$KB$3,JV$60,$JS$4:$KB$4))=0,0,((SUMIF($JS$3:$KB$3,JV$60,$JS112:$KB112))/SUMIF($JS$3:$KB$3,JV$60,$JS$4:$KB$4))) -> 0 | JW63: =IF((SUMIF($JS$3:$KB$3,JW$60,$JS$4:$KB$4))=0,0,((SUMIF($JS$3:$KB$3,JW$60,$JS112:$KB112))/SUMIF($JS$3:$KB$3,JW$60,$JS$4:$KB$4))) -> 0 | JX63: =IF((SUMIF($JS$3:$KB$3,JX$60,$JS$4:$KB$4))=0,0,((SUMIF($JS$3:$KB$3,JX$60,$JS112:$KB112))/SUMIF($JS$3:$KB$3,JX$60,$JS$4:$KB$4))) -> 0 | JY63: =IF((SUMIF($JS$3:$KB$3,JY$60,$JS$4:$KB$4))=0,0,((SUMIF($JS$3:$KB$3,JY$60,$JS112:$KB112))/SUMIF($JS$3:$KB$3,JY$60,$JS$4:$KB$4))) -> 0 | JZ63: =IF((SUMIF($JS$3:$KB$3,JZ$60,$JS$4:$KB$4))=0,0,((SUMIF($JS$3:$KB$3,JZ$60,$JS112:$KB112))/SUMIF($JS$3:$KB$3,JZ$60,$JS$4:$KB$4))) -> 0 | ... KB63: =IF((SUMIF($JS$3:$KB$3,KB$60,$JS$4:$KB$4))=0,0,((SUMIF($JS$3:$KB$3,KB$60,$JS112:$KB112))/SUMIF($JS$3:$KB$3,KB$60,$JS$4:$KB$4))) -> 0 | KC63: =JR63 -> Alumno2 | KD63: =IF((SUMIF($KD$3:$KM$3,KD$60,$KD$4:$KM$4))=0,0,((SUMIF($KD$3:$KM$3,KD$60,$KD112:$KM112))/SUMIF($KD$3:$KM$3,KD$60,$KD$4:$KM$4))) -> 0 | KE63: =IF((SUMIF($KD$3:$KM$3,KE$60,$KD$4:$KM$4))=0,0,((SUMIF($KD$3:$KM$3,KE$60,$KD112:$KM112))/SUMIF($KD$3:$KM$3,KE$60,$KD$4:$KM$4))) -> 0 | KF63: =IF((SUMIF($KD$3:$KM$3,KF$60,$KD$4:$KM$4))=0,0,((SUMIF($KD$3:$KM$3,KF$60,$KD112:$KM112))/SUMIF($KD$3:$KM$3,KF$60,$KD$4:$KM$4))) -> 0 | KG63: =IF((SUMIF($KD$3:$KM$3,KG$60,$KD$4:$KM$4))=0,0,((SUMIF($KD$3:$KM$3,KG$60,$KD112:$KM112))/SUMIF($KD$3:$KM$3,KG$60,$KD$4:$KM$4))) -> 0 | KH63: =IF((SUMIF($KD$3:$KM$3,KH$60,$KD$4:$KM$4))=0,0,((SUMIF($KD$3:$KM$3,KH$60,$KD112:$KM112))/SUMIF($KD$3:$KM$3,KH$60,$KD$4:$KM$4))) -> 0 | KI63: =IF((SUMIF($KD$3:$KM$3,KI$60,$KD$4:$KM$4))=0,0,((SUMIF($KD$3:$KM$3,KI$60,$KD112:$KM112))/SUMIF($KD$3:$KM$3,KI$60,$KD$4:$KM$4))) -> 0 | KJ63: =IF((SUMIF($KD$3:$KM$3,KJ$60,$KD$4:$KM$4))=0,0,((SUMIF($KD$3:$KM$3,KJ$60,$KD112:$KM112))/SUMIF($KD$3:$KM$3,KJ$60,$KD$4:$KM$4))) -> 0 | KK63: =IF((SUMIF($KD$3:$KM$3,KK$60,$KD$4:$KM$4))=0,0,((SUMIF($KD$3:$KM$3,KK$60,$KD112:$KM112))/SUMIF($KD$3:$KM$3,KK$60,$KD$4:$KM$4))) -> 0 | ... KM63: =IF((SUMIF($KD$3:$KM$3,KM$60,$KD$4:$KM$4))=0,0,((SUMIF($KD$3:$KM$3,KM$60,$KD112:$KM112))/SUMIF($KD$3:$KM$3,KM$60,$KD$4:$KM$4))) -> 0 | KN63: =KC63 -> Alumno2 | KO63: =IF((SUMIF($KO$3:$KX$3,KO$60,$KO$4:$KX$4))=0,0,((SUMIF($KO$3:$KX$3,KO$60,$KO112:$KX112))/SUMIF($KO$3:$KX$3,KO$60,$KO$4:$KX$4))) -> 0 | KP63: =IF((SUMIF($KO$3:$KX$3,KP$60,$KO$4:$KX$4))=0,0,((SUMIF($KO$3:$KX$3,KP$60,$KO112:$KX112))/SUMIF($KO$3:$KX$3,KP$60,$KO$4:$KX$4))) -> 0 | KQ63: =IF((SUMIF($KO$3:$KX$3,KQ$60,$KO$4:$KX$4))=0,0,((SUMIF($KO$3:$KX$3,KQ$60,$KO112:$KX112))/SUMIF($KO$3:$KX$3,KQ$60,$KO$4:$KX$4))) -> 0 | KR63: =IF((SUMIF($KO$3:$KX$3,KR$60,$KO$4:$KX$4))=0,0,((SUMIF($KO$3:$KX$3,KR$60,$KO112:$KX112))/SUMIF($KO$3:$KX$3,KR$60,$KO$4:$KX$4))) -> 0 | KS63: =IF((SUMIF($KO$3:$KX$3,KS$60,$KO$4:$KX$4))=0,0,((SUMIF($KO$3:$KX$3,KS$60,$KO112:$KX112))/SUMIF($KO$3:$KX$3,KS$60,$KO$4:$KX$4))) -> 0 | KT63: =IF((SUMIF($KO$3:$KX$3,KT$60,$KO$4:$KX$4))=0,0,((SUMIF($KO$3:$KX$3,KT$60,$KO112:$KX112))/SUMIF($KO$3:$KX$3,KT$60,$KO$4:$KX$4))) -> 0 | KU63: =IF((SUMIF($KO$3:$KX$3,KU$60,$KO$4:$KX$4))=0,0,((SUMIF($KO$3:$KX$3,KU$60,$KO112:$KX112))/SUMIF($KO$3:$KX$3,KU$60,$KO$4:$KX$4))) -> 0 | KV63: =IF((SUMIF($KO$3:$KX$3,KV$60,$KO$4:$KX$4))=0,0,((SUMIF($KO$3:$KX$3,KV$60,$KO112:$KX112))/SUMIF($KO$3:$KX$3,KV$60,$KO$4:$KX$4))) -> 0 | ... KX63: =IF((SUMIF($KO$3:$KX$3,KX$60,$KO$4:$KX$4))=0,0,((SUMIF($KO$3:$KX$3,KX$60,$KO112:$KX112))/SUMIF($KO$3:$KX$3,KX$60,$KO$4:$KX$4))) -> 0 | KY63: =KN63 -> Alumno2 | KZ63: =IF((SUMIF($KZ$3:$LI$3,KZ$60,$KZ$4:$LI$4))=0,0,((SUMIF($KZ$3:$LI$3,KZ$60,$KZ112:$LI112))/SUMIF($KZ$3:$LI$3,KZ$60,$KZ$4:$LI$4))) -> 0 | LA63: =IF((SUMIF($KZ$3:$LI$3,LA$60,$KZ$4:$LI$4))=0,0,((SUMIF($KZ$3:$LI$3,LA$60,$KZ112:$LI112))/SUMIF($KZ$3:$LI$3,LA$60,$KZ$4:$LI$4))) -> 0 | LB63: =IF((SUMIF($KZ$3:$LI$3,LB$60,$KZ$4:$LI$4))=0,0,((SUMIF($KZ$3:$LI$3,LB$60,$KZ112:$LI112))/SUMIF($KZ$3:$LI$3,LB$60,$KZ$4:$LI$4))) -> 0 | LC63: =IF((SUMIF($KZ$3:$LI$3,LC$60,$KZ$4:$LI$4))=0,0,((SUMIF($KZ$3:$LI$3,LC$60,$KZ112:$LI112))/SUMIF($KZ$3:$LI$3,LC$60,$KZ$4:$LI$4))) -> 0 | LD63: =IF((SUMIF($KZ$3:$LI$3,LD$60,$KZ$4:$LI$4))=0,0,((SUMIF($KZ$3:$LI$3,LD$60,$KZ112:$LI112))/SUMIF($KZ$3:$LI$3,LD$60,$KZ$4:$LI$4))) -> 0 | LE63: =IF((SUMIF($KZ$3:$LI$3,LE$60,$KZ$4:$LI$4))=0,0,((SUMIF($KZ$3:$LI$3,LE$60,$KZ112:$LI112))/SUMIF($KZ$3:$LI$3,LE$60,$KZ$4:$LI$4))) -> 0 | LF63: =IF((SUMIF($KZ$3:$LI$3,LF$60,$KZ$4:$LI$4))=0,0,((SUMIF($KZ$3:$LI$3,LF$60,$KZ112:$LI112))/SUMIF($KZ$3:$LI$3,LF$60,$KZ$4:$LI$4))) -> 0 | LG63: =IF((SUMIF($KZ$3:$LI$3,LG$60,$KZ$4:$LI$4))=0,0,((SUMIF($KZ$3:$LI$3,LG$60,$KZ112:$LI112))/SUMIF($KZ$3:$LI$3,LG$60,$KZ$4:$LI$4))) -> 0 | ... LI63: =IF((SUMIF($KZ$3:$LI$3,LI$60,$KZ$4:$LI$4))=0,0,((SUMIF($KZ$3:$LI$3,LI$60,$KZ112:$LI112))/SUMIF($KZ$3:$LI$3,LI$60,$KZ$4:$LI$4))) -> 0 | LJ63: =KY63 -> Alumno2 | LK63: =IF((SUMIF($LK$3:$LT$3,LK$60,$LK$4:$LT$4))=0,0,((SUMIF($LK$3:$LT$3,LK$60,$LK112:$LT112))/SUMIF($LK$3:$LT$3,LK$60,$LK$4:$LT$4))) -> 0 | LL63: =IF((SUMIF($LK$3:$LT$3,LL$60,$LK$4:$LT$4))=0,0,((SUMIF($LK$3:$LT$3,LL$60,$LK112:$LT112))/SUMIF($LK$3:$LT$3,LL$60,$LK$4:$LT$4))) -> 0 | LM63: =IF((SUMIF($LK$3:$LT$3,LM$60,$LK$4:$LT$4))=0,0,((SUMIF($LK$3:$LT$3,LM$60,$LK112:$LT112))/SUMIF($LK$3:$LT$3,LM$60,$LK$4:$LT$4))) -> 0 | LN63: =IF((SUMIF($LK$3:$LT$3,LN$60,$LK$4:$LT$4))=0,0,((SUMIF($LK$3:$LT$3,LN$60,$LK112:$LT112))/SUMIF($LK$3:$LT$3,LN$60,$LK$4:$LT$4))) -> 0 | LO63: =IF((SUMIF($LK$3:$LT$3,LO$60,$LK$4:$LT$4))=0,0,((SUMIF($LK$3:$LT$3,LO$60,$LK112:$LT112))/SUMIF($LK$3:$LT$3,LO$60,$LK$4:$LT$4))) -> 0 | LP63: =IF((SUMIF($LK$3:$LT$3,LP$60,$LK$4:$LT$4))=0,0,((SUMIF($LK$3:$LT$3,LP$60,$LK112:$LT112))/SUMIF($LK$3:$LT$3,LP$60,$LK$4:$LT$4))) -> 0 | LQ63: =IF((SUMIF($LK$3:$LT$3,LQ$60,$LK$4:$LT$4))=0,0,((SUMIF($LK$3:$LT$3,LQ$60,$LK112:$LT112))/SUMIF($LK$3:$LT$3,LQ$60,$LK$4:$LT$4))) -> 0 | LR63: =IF((SUMIF($LK$3:$LT$3,LR$60,$LK$4:$LT$4))=0,0,((SUMIF($LK$3:$LT$3,LR$60,$LK112:$LT112))/SUMIF($LK$3:$LT$3,LR$60,$LK$4:$LT$4))) -> 0 | ... LT63: =IF((SUMIF($LK$3:$LT$3,LT$60,$LK$4:$LT$4))=0,0,((SUMIF($LK$3:$LT$3,LT$60,$LK112:$LT112))/SUMIF($LK$3:$LT$3,LT$60,$LK$4:$LT$4))) -> 0
